주차장이름,주차면수,경도,위도,전일가격,법정동코드
광장동IoT공유주차장,1,127.1108642,37.5509727,40000,10400
광장동IoT공유주차장,1,127.1110417,37.5513576,40000,10400
광장동IoT공유주차장,1,127.1110256,37.551333,40000,10400
102 노상주차장,1,127.111104,37.551381,40000,10400
102 거주자우선주차장,1,127.111022,37.551256,40000,10400
광장동IoT공유주차장,1,127.110962,37.551097,40000,10400
광장동IoT공유주차장,1,127.110854,37.550945,40000,10400
105 노상주차장,1,127.1110396,37.5513585,40000,10400
105 노상주차장,1,127.1110782,37.5514367,40000,10400
105 노상주차장,1,127.1111297,37.5514912,40000,10400
105 노상주차장,1,127.110117,37.551575,40000,10400
105 노상주차장,1,127.111179,37.551612,40000,10400
105 노상주차장,1,127.110409,37.551177,40000,10400
광장동IoT공유주차장,1,127.110094,37.551043,40000,10400
광장동IoT공유주차장,1,127.11012,37.551021,40000,10400
광장동IoT공유주차장,1,127.110077,37.551052,40000,10400
광장동IoT공유주차장,1,127.110206,37.5509604,40000,10400
광장동IoT공유주차장,1,127.1102499,37.5509391,40000,10400
광장동IoT공유주차장,1,127.1102961,37.5509238,40000,10400
광장동IoT공유주차장,1,127.1101523,37.5509842,40000,10400
광장동IoT공유주차장,1,127.110482,37.550861,40000,10400
광장동IoT공유주차장,1,127.110334,37.550927,40000,10400
광장동IoT공유주차장,1,127.110365,37.550895,40000,10400
광장동IoT공유주차장,1,127.110609,37.550458,40000,10400
광장동IoT공유주차장,1,127.110477,37.550168,40000,10400
광장동IoT공유주차장,1,127.1102907,37.5495339,40000,10400
광장동IoT공유주차장,1,127.1102274,37.5494047,40000,10400
광장동IoT공유주차장,1,127.110207,37.5493638,40000,10400
광장동IoT공유주차장,1,127.110391,37.549837,40000,10400
광장동IoT공유주차장,1,127.110209,37.549494,40000,10400
광장동IoT공유주차장,1,127.110366,37.549839,40000,10400
광장동IoT공유주차장,1,127.1099989,37.5511161,40000,10400
광장동IoT공유주차장,1,127.1100144,37.5511003,40000,10400
광장동IoT공유주차장,1,127.1100246,37.5510876,40000,10400
광장동IoT공유주차장,1,127.1099533,37.5511458,40000,10400
광장동IoT공유주차장,1,127.1099807,37.5511292,40000,10400
광장동IoT공유주차장,1,127.109924,37.548931,40000,10400
광장동IoT공유주차장,1,127.1106415,37.5502876,40000,10400
광장동IoT공유주차장,1,127.1106265,37.5502502,40000,10400
광장동IoT공유주차장,1,127.1106008,37.5502144,40000,10400
광장동IoT공유주차장,1,127.1105611,37.5501183,40000,10400
광장동IoT공유주차장,1,127.1105375,37.5500741,40000,10400
광장동IoT공유주차장,1,127.1105268,37.5500418,40000,10400
광장동IoT공유주차장,1,127.1105289,37.5500111,40000,10400
광장동IoT공유주차장,1,127.10988,37.548801,40000,10400
광장동IoT공유주차장,1,127.109812,37.548621,40000,10400
광장동IoT공유주차장,1,127.109834,37.548694,40000,10400
132 거주자우선주차장,1,127.1096839,37.5494319,40000,10400
132 거주자우선주차장,1,127.109625,37.549442,40000,10400
광장동IoT공유주차장,1,127.109692,37.548523,40000,10400
145-8 노상주차장,1,127.110516,37.551576,40000,10400
145-8 노상주차장,1,127.109998,37.551123,40000,10400
145-8 노상주차장,1,127.110265,37.55158,40000,10400
148-6 노상주차장,1,127.108807,37.548466,40000,10400
244-7 노상주차장,1,127.1039594,37.545699,40000,10400
244-7 노상주차장,1,127.1038523,37.5457335,40000,10400
244-7 노상주차장,1,127.1036527,37.5458061,40000,10400
244-7 노상주차장,1,127.1037612,37.5457597,40000,10400
244-7 노상주차장,1,127.10388,37.545707,40000,10400
244-7 노상주차장,1,127.103699,37.545801,40000,10400
244-7 노상주차장,1,127.104151,37.545668,40000,10400
244-7 거주자우선주차장,1,127.104045,37.545668,40000,10400
244-7 노상주차장,1,127.10378,37.545749,40000,10400
244-7 노상주차장,1,127.10399,37.545673,40000,10400
245-8 노상주차장,1,127.1034371,37.5458954,40000,10400
245-8 노상주차장,1,127.103492,37.545729,40000,10400
245-8 노상주차장,1,127.1034329,37.5456664,40000,10400
245-8 노상주차장,1,127.103459,37.545697,40000,10400
248-24 노상주차장,1,127.102816,37.546083,40000,10400
250 노상주차장,1,127.1035841,37.5462752,40000,10400
250 노상주차장,1,127.1037217,37.5462269,40000,10400
250 노상주차장,1,127.104032,37.546056,40000,10400
250 노상주차장,1,127.104108,37.5460291,40000,10400
250 노상주차장,1,127.1046794,37.5457816,40000,10400
250 노상주차장,1,127.104562,37.5458439,40000,10400
250 노상주차장,1,127.1042941,37.5458199,40000,10400
250 노상주차장,1,127.104657,37.54579,40000,10400
250 노상주차장,1,127.104429,37.546011,40000,10400
250 노상주차장,1,127.10423,37.545978,40000,10400
250 노상주차장,1,127.104162,37.545698,40000,10400
250 노상주차장,1,127.104556,37.546159,40000,10400
250 노상주차장,1,127.104598,37.545824,40000,10400
250 노상주차장,1,127.104215,37.545735,40000,10400
250 노상주차장,1,127.104083,37.546042,40000,10400
256-4 노상주차장,1,127.1037493,37.5460088,40000,10400
256-4 노상주차장,1,127.1036586,37.5459141,40000,10400
256-4 노상주차장,1,127.103677,37.545939,40000,10400
256-4 노상주차장,1,127.103774,37.546037,40000,10400
257-3 거주자우선주차장,1,127.103548,37.546703,40000,10400
258-35 노상주차장,1,127.1031023,37.5470311,40000,10400
258-35 노상주차장,1,127.1030596,37.5470205,40000,10400
258-35 노상주차장,1,127.102926,37.5469846,40000,10400
258-35 노상주차장,1,127.102881,37.5469743,40000,10400
258-35 노상주차장,1,127.103018,37.547001,40000,10400
258-35 노상주차장,1,127.102828,37.546933,40000,10400
258-4 거주자우선주차장,1,127.102684,37.547681,40000,10400
259-5 노상주차장,1,127.103726,37.547116,40000,10400
259-1 노상주차장,1,127.103924,37.547263,40000,10400
262 노상주차장,1,127.103119,37.547059,40000,10400
264-1 노상주차장,1,127.1050959,37.5475653,40000,10400
264-1 노상주차장,1,127.10404,37.54732,40000,10400
264-1 노상주차장,1,127.10501,37.547554,40000,10400
264-1 노상주차장,1,127.103761,37.54723,40000,10400
266 거주자우선주차장,1,127.102926,37.547411,40000,10400
315-2 노상주차장,1,127.106849,37.546908,40000,10400
320-4 거주자우선주차장,1,127.1066552,37.5469017,40000,10400
320-4 거주자우선주차장,1,127.108828,37.548485,40000,10400
325-4 거주자우선주차장,1,127.1075339,37.547327,40000,10400
325-4 거주자우선주차장,1,127.1075645,37.5473364,40000,10400
325-4 거주자우선주차장,1,127.107594,37.5473521,40000,10400
325-4 거주자우선주차장,1,127.1076273,37.5473661,40000,10400
325-4 거주자우선주차장,1,127.1076557,37.547378,40000,10400
325-4 거주자우선주차장,1,127.10769,37.547394,40000,10400
329-1 거주자우선주차장,1,127.105805,37.5471789,40000,10400
329-1 거주자우선주차장,1,127.1058074,37.5472719,40000,10400
329-1 거주자우선주차장,1,127.1058145,37.5473686,40000,10400
329-1 거주자우선주차장,1,127.105903,37.546902,40000,10400
329-1 거주자우선주차장,1,127.105876,37.547174,40000,10400
334-2 노상주차장,1,127.106816,37.54697,40000,10400
334-2 노상주차장,1,127.106718,37.546937,40000,10400
353 노상주차장,1,127.1023764,37.5499509,40000,10400
353 노상주차장,1,127.102507,37.5497731,40000,10400
353 노상주차장,1,127.1024907,37.5498015,40000,10400
353 노상주차장,1,127.1024857,37.5496485,40000,10400
장로회신학대학교,20,127.104736,37.5500693,40000,10400
353 노상주차장,1,127.10237,37.549968,40000,10400
353 노상주차장,1,127.102526,37.54951,40000,10400
353 노상주차장,1,127.102522,37.549566,40000,10400
353 노상주차장,1,127.10248,37.549669,40000,10400
353 노상주차장,1,127.10242,37.549837,40000,10400
353 노상주차장,1,127.10253,37.549496,40000,10400
355-2 노상주차장,1,127.1032488,37.5480612,40000,10400
355-2 노상주차장,1,127.1032193,37.5480532,40000,10400
355-2 노상주차장,1,127.1031833,37.5480412,40000,10400
355-2 노상주차장,1,127.1028795,37.547904,40000,10400
355-2 노상주차장,1,127.1029191,37.5479175,40000,10400
355-2 노상주차장,1,127.1029537,37.5479277,40000,10400
355-1 노상주차장,1,127.102828,37.5488481,40000,10400
355-1 노상주차장,1,127.102834,37.548836,40000,10400
355-1 노상주차장,1,127.1028578,37.5487509,40000,10400
355-2 노상주차장,1,127.102986,37.547933,40000,10400
355-2 노상주차장,1,127.103032,37.547957,40000,10400
355-2 노상주차장,1,127.103152,37.548011,40000,10400
355-1 노상주차장,1,127.102858,37.548781,40000,10400
355-1 노상주차장,1,127.102844,37.54882,40000,10400
355-2 노상주차장,1,127.103137,37.547992,40000,10400
355-2 노상주차장,1,127.103341,37.548075,40000,10400
358-15 노상주차장,1,127.1029496,37.5486703,40000,10400
358-15 노상주차장,1,127.1029638,37.5486223,40000,10400
358-15 노상주차장,1,127.102943,37.548569,40000,10400
372-1 노상주차장,1,127.1015669,37.5506693,40000,10400
372-1 노상주차장,1,127.1015906,37.5506612,40000,10400
372-1 노상주차장,1,127.1016131,37.5506533,40000,10400
372-1 노상주차장,1,127.1016315,37.5506491,40000,10400
372-1 노상주차장,1,127.101656,37.550644,40000,10400
372-1 노상주차장,1,127.101701,37.550624,40000,10400
372-1 노상주차장,1,127.1017868,37.5505804,40000,10400
372-1 노상주차장,1,127.1019737,37.5504826,40000,10400
372-1 노상주차장,1,127.101943,37.5505033,40000,10400
372-1 노상주차장,1,127.101759,37.550589,40000,10400
372-1 노상주차장,1,127.101857,37.5505,40000,10400
376-4 노상주차장,1,127.1029047,37.5484001,40000,10400
376-4 노상주차장,1,127.1028741,37.5483803,40000,10400
376-4 노상주차장,1,127.1028361,37.5483604,40000,10400
376-4 노상주차장,1,127.102791,37.548343,40000,10400
389-1 노상주차장,1,127.1014014,37.5475621,40000,10400
389-1 노상주차장,1,127.1014239,37.5475645,40000,10400
389-1 노상주차장,1,127.1015436,37.5475776,40000,10400
389-1 노상주차장,1,127.101514,37.5475722,40000,10400
서울광장초등학교,27,127.101367,37.548263,0,10400
389-1 거주자우선주차장,1,127.101236,37.547485,40000,10400
389-1 거주자우선주차장,1,127.101766,37.547616,40000,10400
389-1 노상주차장,1,127.101274,37.547339,40000,10400
389-1 노상주차장,1,127.101264,37.547401,40000,10400
389-1 노상주차장,1,127.101667,37.547599,40000,10400
389-1 노상주차장,1,127.101478,37.547568,40000,10400
393-21 노상주차장,1,127.1020888,37.5481953,40000,10400
393-21 노상주차장,1,127.1020667,37.5482045,40000,10400
393-21 노상주차장,1,127.10205,37.548213,40000,10400
394-1 노상주차장,1,127.1025501,37.5482104,40000,10400
394-1 노상주차장,1,127.102577,37.5482217,40000,10400
394-1 노상주차장,1,127.1026937,37.5482806,40000,10400
394-1 노상주차장,1,127.102675,37.548273,40000,10400
394-1 노상주차장,1,127.102595,37.548234,40000,10400
광장동현대10차앞,1,127.1017603,37.5455155,40000,10400
광장동현대10차앞,1,127.1015996,37.5453199,40000,10400
광장동현대10차앞,1,127.1018662,37.5456288,40000,10400
광장동현대10차앞,1,127.101843,37.54562,40000,10400
광장동현대10차앞,1,127.101776,37.545546,40000,10400
광장동현대10차앞,1,127.101635,37.545351,40000,10400
정립회관,15,127.097901,37.5505256,40000,10300
29-21 노상주차장,1,127.092478,37.553392,0,10300
광진초등학교,23,127.09121,37.5475846,40000,10300
68-5 노상주차장,1,127.087096,37.545785,0,10300
132-1 노상주차장,1,127.087376,37.545244,0,10300
132-1 노상주차장,1,127.087376,37.545244,0,10300
200-5 노상주차장,1,127.094642,37.541157,40000,10300
201-26 노상주차장,1,127.0937855,37.5421998,40000,10300
201-26 노상주차장,1,127.0939506,37.5423681,40000,10300
201-26 노상주차장,1,127.093999,37.542345,40000,10300
201-26 노상주차장,1,127.09399,37.542467,40000,10300
201-26 노상주차장,1,127.093929,37.542424,40000,10300
201-26 노상주차장,1,127.094047,37.542485,40000,10300
202-18 노상주차장,1,127.0929819,37.5429181,40000,10300
202-18 노상주차장,1,127.093011,37.5428887,40000,10300
202-18 노상주차장,1,127.0930576,37.5428412,40000,10300
202-18 노상주차장,1,127.093035,37.542857,40000,10300
202-10 노상주차장,1,127.095241,37.542127,40000,10300
202-18 노상주차장,1,127.092737,37.543116,40000,10300
205-4 노상주차장,1,127.0925609,37.5422045,40000,10300
205-4 노상주차장,1,127.0929442,37.5419445,40000,10300
205-4 노상주차장,1,127.092903,37.541957,40000,10300
205-11 노상주차장,1,127.0931161,37.5419525,40000,10300
205-4 노상주차장,1,127.092922,37.541879,40000,10300
205-11 노상주차장,1,127.093208,37.541999,40000,10300
206-10 노상주차장,1,127.0946718,37.5412116,40000,10300
206-10 노상주차장,1,127.09443,37.5410577,40000,10300
206-10 노상주차장,1,127.0942753,37.5409838,40000,10300
206-10 노상주차장,1,127.094499,37.541393,40000,10300
206-10 노상주차장,1,127.094644,37.541231,40000,10300
206-10 노상주차장,1,127.094439,37.541462,40000,10300
206-10 노상주차장,1,127.094314,37.541551,40000,10300
206-10 노상주차장,1,127.094339,37.541008,40000,10300
208-2 노상주차장,1,127.09239,37.542224,40000,10300
208-2 노상주차장,1,127.092359,37.54214,40000,10300
209-27 노상주차장,1,127.0912648,37.5402548,40000,10300
209-27 노상주차장,1,127.091193,37.540212,40000,10300
210-51 노상주차장,1,127.092197,37.539738,40000,10300
210-51 노상주차장,1,127.092271,37.539783,40000,10300
211-10 노상주차장,1,127.0944219,37.5405947,40000,10300
211-10 노상주차장,1,127.0943992,37.5406284,40000,10300
211-10 노상주차장,1,127.0939287,37.5407769,40000,10300
211-23 노상주차장,1,127.0924125,37.5408059,40000,10300
211-23 노상주차장,1,127.0923849,37.5407915,40000,10300
211-23 노상주차장,1,127.092348,37.54078,40000,10300
211-10 노상주차장,1,127.093634,37.540604,40000,10300
215-1 노상주차장,1,127.094398,37.53776,40000,10300
219-25 노상주차장,1,127.0909269,37.5388147,40000,10300
219-25 노상주차장,1,127.0908829,37.5389152,40000,10300
219-25 노상주차장,1,127.0908529,37.539019,40000,10300
219-1 노상주차장,1,127.0924169,37.5404122,40000,10300
219-1 노상주차장,1,127.0924438,37.5403781,40000,10300
219-1 노상주차장,1,127.092636,37.540159,40000,10300
219-1 노상주차장,1,127.092589,37.539906,40000,10300
219-25 노상주차장,1,127.090844,37.539173,40000,10300
224-6 노상주차장,1,127.090477,37.542756,40000,10300
225-38 노상주차장,1,127.094147,37.542545,40000,10300
227-13 노상주차장,1,127.0911545,37.5418601,40000,10300
227-13 노상주차장,1,127.0909114,37.5427382,40000,10300
227-13 노상주차장,1,127.090845,37.542713,40000,10300
227-13 노상주차장,1,127.09103,37.54273,40000,10300
229-25 거주자우선주차장,1,127.0914544,37.543681,40000,10300
229-25 거주자우선주차장,1,127.0909842,37.5438477,40000,10300
229-25 거주자우선주차장,1,127.091068,37.543791,40000,10300
229-24 노상주차장,1,127.089324,37.543436,0,10300
229-25 거주자우선주차장,1,127.09111,37.543783,40000,10300
231-18 노상주차장,1,127.0949924,37.541244,40000,10300
231-18 노상주차장,1,127.0950731,37.541159,40000,10300
231-18 노상주차장,1,127.0951845,37.5410487,40000,10300
231-18 노상주차장,1,127.095156,37.54108,40000,10300
233-3 노상주차장,1,127.0943204,37.5419887,40000,10300
233-3 노상주차장,1,127.0943459,37.5419547,40000,10300
233-3 노상주차장,1,127.094355,37.541875,40000,10300
233-3 노상주차장,1,127.094353,37.541928,40000,10300
238-1 노상주차장,1,127.0907649,37.5406979,40000,10300
238-1 노상주차장,1,127.0906296,37.5415531,40000,10300
238-1 노상주차장,1,127.090938,37.5412226,40000,10300
238-2 노상주차장,1,127.0860294,37.5420913,0,10300
238-2 노상주차장,1,127.0861327,37.5420582,0,10300
238-2 노상주차장,1,127.0862197,37.5420352,0,10300
238-2 노상주차장,1,127.0863231,37.5420022,0,10300
238-2 노상주차장,1,127.0865354,37.541936,0,10300
238-2 노상주차장,1,127.0865891,37.5419193,0,10300
238-2 노상주차장,1,127.0866265,37.5419211,0,10300
238-2 노상주차장,1,127.0866723,37.5419094,0,10300
238-2 노상주차장,1,127.0867198,37.5418938,0,10300
238-2 노상주차장,1,127.0868211,37.5418677,0,10300
238-2 노상주차장,1,127.0868646,37.5418551,0,10300
238-2 노상주차장,1,127.0869306,37.5418424,0,10300
238-2 노상주차장,1,127.087065,37.541744,0,10300
238-1 노상주차장,1,127.090748,37.540604,40000,10300
238-1 노상주차장,1,127.090707,37.540435,40000,10300
238-1 노상주차장,1,127.090742,37.540481,40000,10300
238-1 노상주차장,1,127.090927,37.541189,40000,10300
239-32 노상주차장,1,127.095239,37.541003,40000,10300
241-12 노상주차장,1,127.088397,37.540595,40000,10300
241-12 노상주차장,1,127.088314,37.540607,40000,10300
241-12 노상주차장,1,127.088254,37.5406,40000,10300
241-12 노상주차장,1,127.088174,37.540641,40000,10300
241-12 노상주차장,1,127.088123,37.540634,40000,10300
241-12 노상주차장,1,127.088068,37.54069,40000,10300
241-12 노상주차장,1,127.087998,37.540675,40000,10300
254-32 노상주차장,1,127.0914146,37.5392646,40000,10300
254-32 노상주차장,1,127.091383,37.539254,40000,10300
254-32 노상주차장,1,127.091067,37.539236,40000,10300
257-3 노상주차장,1,127.092903,37.543532,40000,10300
257-3 노상주차장,1,127.092986,37.543578,40000,10300
257-12 노상주차장,1,127.092714,37.543421,40000,10300
611 노상주차장,1,127.0945408,37.5377163,40000,10300
611 노상주차장,1,127.0944925,37.5377333,40000,10300
611 노상주차장,1,127.095212,37.538963,40000,10300
611 노상주차장,1,127.095233,37.537924,40000,10300
611 노상주차장,1,127.095188,37.53833,40000,10300
611 노상주차장,1,127.095072,37.537744,40000,10300
611 노상주차장,1,127.095112,37.537769,40000,10300
611 노상주차장,1,127.095206,37.538843,40000,10300
611 노상주차장,1,127.094837,37.537612,40000,10300
611 노상주차장,1,127.095203,37.538591,40000,10300
611 노상주차장,1,127.095185,37.538285,40000,10300
611 노상주차장,1,127.094788,37.537585,40000,10300
611 노상주차장,1,127.095211,37.538681,40000,10300
611 노상주차장,1,127.095191,37.538192,40000,10300
611 노상주차장,1,127.09503,37.537711,40000,10300
611 노상주차장,1,127.094895,37.537633,40000,10300
611 노상주차장,1,127.095208,37.53876,40000,10300
611 노상주차장,1,127.095211,37.538803,40000,10300
611 노상주차장,1,127.095165,37.537814,40000,10300
587 노상주차장,1,127.090047,37.5365402,40000,10300
587 노상주차장,1,127.0899606,37.5365308,40000,10300
587 노상주차장,1,127.0898957,37.5365257,40000,10300
587 노상주차장,1,127.0898416,37.536524,40000,10300
587 노상주차장,1,127.0897681,37.5365257,40000,10300
587 노상주차장,1,127.0897069,37.536527,40000,10300
587 노상주차장,1,127.0896522,37.5365231,40000,10300
587 노상주차장,1,127.0896109,37.5365236,40000,10300
587 노상주차장,1,127.0895374,37.5365261,40000,10300
587 노상주차장,1,127.089478,37.536525,40000,10300
성진강변스파랜드,10,127.091285,37.5348715,40000,10300
동서울호텔길(노상),93,127.091634,37.5331504,0,10300
동서울호텔길A공영주차장,1,127.091746,37.534048,40000,10300
동서울호텔길A공영주차장,1,127.091743,37.534197,40000,10300
동서울호텔길A공영주차장,1,127.091743,37.534213,40000,10300
612-7 노상주차장,1,127.0860067,37.5490632,40000,10300
612-7 노상주차장,1,127.0859817,37.5490875,40000,10300
612-7 노상주차장,1,127.0859428,37.5491159,40000,10300
612-7 노상주차장,1,127.0855659,37.5488521,40000,10300
612-7 노상주차장,1,127.0855599,37.5488465,40000,10300
612-7 노상주차장,1,127.085553,37.5488413,40000,10300
612-7 노상주차장,1,127.0855465,37.5488344,40000,10300
612-7 노상주차장,1,127.0855394,37.5488305,40000,10300
612-7 노상주차장,1,127.0855288,37.5488208,40000,10300
612-7 노상주차장,1,127.0855122,37.5488039,40000,10300
612-7 노상주차장,1,127.0854921,37.5487983,40000,10300
612-7 노상주차장,1,127.0854683,37.5487809,40000,10300
612-7 노상주차장,1,127.085449,37.548762,40000,10300
612-7 노상주차장,1,127.0854579,37.5487299,40000,10300
612-7 노상주차장,1,127.0854681,37.5487089,40000,10300
612-10 노상주차장,1,127.0854819,37.5484235,40000,10300
612-10 노상주차장,1,127.085572,37.5482643,40000,10300
612-10 노상주차장,1,127.085551,37.5483007,40000,10300
612-10 노상주차장,1,127.0855341,37.5483372,40000,10300
612-10 노상주차장,1,127.0855131,37.5483749,40000,10300
612-15 노상주차장,1,127.0855621,37.5482531,40000,10300
612-15 노상주차장,1,127.0855671,37.5482357,40000,10300
612-15 노상주차장,1,127.085565,37.54821,40000,10300
612-10 노상주차장,1,127.085496,37.548403,40000,10300
612-10 노상주차장,1,127.085467,37.548471,40000,10300
612-15 노상주차장,1,127.085591,37.548149,40000,10300
612-7 노상주차장,1,127.08548,37.548684,40000,10300
613-1 노상주차장,1,127.086152,37.548889,40000,10300
614-13 노상주차장,1,127.087855,37.54867,0,10300
615-27 노상주차장,1,127.087823,37.548611,0,10300
616-16 노상주차장,1,127.086876,37.548437,0,10300
617-40 노상주차장,1,127.086544,37.548611,0,10300
617-26 노상주차장,1,127.0855969,37.548189,40000,10300
617-26 노상주차장,1,127.0856092,37.5481496,40000,10300
617-26 노상주차장,1,127.0856146,37.5481216,40000,10300
617-26 노상주차장,1,127.085627,37.548099,40000,10300
617-26 노상주차장,1,127.085647,37.548058,40000,10300
617-33 노상주차장,1,127.0857475,37.5478156,40000,10300
617-33 노상주차장,1,127.0857634,37.5477534,40000,10300
617-33 거주자우선주차장,1,127.0859599,37.5486561,40000,10300
617-33 노상주차장,1,127.0858032,37.5476209,40000,10300
617-33 노상주차장,1,127.0858221,37.5475202,40000,10300
617-33 노상주차장,1,127.085788,37.547704,40000,10300
617-33 노상주차장,1,127.085796,37.547661,40000,10300
617-27 거주자우선주차장,1,127.085822,37.548034,40000,10300
617-26 노상주차장,1,127.085651,37.548053,40000,10300
617-33 노상주차장,1,127.085838,37.5475,40000,10300
617-33 노상주차장,1,127.085815,37.547585,40000,10300
617-26 노상주차장,1,127.085697,37.547916,40000,10300
646-8 노상주차장,1,127.093559,37.540544,40000,10300
658 노상주차장,1,127.095217,37.539012,40000,10300
658 노상주차장,1,127.09522,37.538895,40000,10300
658 노상주차장,1,127.095214,37.538877,40000,10300
658 노상주차장,1,127.095209,37.538812,40000,10300
658 노상주차장,1,127.095214,37.538769,40000,10300
658 노상주차장,1,127.095208,37.538749,40000,10300
658 노상주차장,1,127.095208,37.538638,40000,10300
658 노상주차장,1,127.095203,37.538564,40000,10300
658 노상주차장,1,127.095188,37.538505,40000,10300
658 노상주차장,1,127.0952,37.538397,40000,10300
658 노상주차장,1,127.095188,37.538382,40000,10300
658 노상주차장,1,127.095199,37.538077,40000,10300
658 노상주차장,1,127.095219,37.538021,40000,10300
658 노상주차장,1,127.095233,37.537866,40000,10300
658 노상주차장,1,127.09521,37.537852,40000,10300
658 노상주차장,1,127.095145,37.537798,40000,10300
658 노상주차장,1,127.094919,37.537665,40000,10300
658 노상주차장,1,127.094298,37.537409,40000,10300
660 노상주차장,1,127.092462,37.542365,40000,10300
660 노상주차장,1,127.092453,37.542568,40000,10300
660 노상주차장,1,127.092549,37.542826,40000,10300
660 거주자우선주차장,1,127.092569,37.543058,40000,10300
동원빌딩,3,127.077762,37.5546759,40000,10900
비전빌딩옆노상주차장,1,127.077436,37.554826,40000,10900
비전빌딩옆노상주차장,1,127.077621,37.554395,40000,10900
비전빌딩옆노상주차장,1,127.077676,37.554448,40000,10900
비전빌딩옆노상주차장,1,127.077545,37.554409,40000,10900
27-4 노상주차장,1,127.076747,37.553067,40000,10900
27-4 노상주차장,1,127.077156,37.553161,40000,10900
27-4 노상주차장,1,127.076651,37.553058,40000,10900
27-4 노상주차장,1,127.076916,37.553056,40000,10900
45-11 노상주차장,1,127.077424,37.554866,40000,10900
45-11 노상주차장,1,127.077498,37.554939,40000,10900
45-11 노상주차장,1,127.077381,37.554845,40000,10900
45-11 노상주차장,1,127.07754,37.555062,40000,10900
149-12 거주자우선주차장,1,127.074046,37.553417,40000,10900
149-12 거주자우선주차장,1,127.074122,37.553357,40000,10900
149-12 거주자우선주차장,1,127.073911,37.553567,40000,10900
195-18 노상주차장,1,127.072664,37.556371,40000,10900
280 노상주차장,1,127.074941,37.552432,40000,10900
세종대학교노상주차장,1,127.073256,37.548914,40000,10900
348-11 노상주차장,1,127.070201,37.550838,40000,10900
348-16 노상주차장,1,127.069946,37.550452,40000,10900
348-13 노상주차장,1,127.070028,37.550583,40000,10900
348-13 노상주차장,1,127.070121,37.550688,40000,10900
348-11 노상주차장,1,127.070164,37.550767,40000,10900
351-2 노상주차장,1,127.069823,37.550165,40000,10900
351-1 노상주차장,1,127.069867,37.550276,40000,10900
장안초등학교,30,127.072382,37.5498589,40000,10900
367-8 노상주차장,1,127.072333,37.549127,40000,10900
369-15 노상주차장,1,127.072894,37.549381,40000,10900
369-15 노상주차장,1,127.072785,37.549323,40000,10900
세종대학교노상주차장,1,127.073261,37.548766,40000,10900
세종대학교노상주차장,1,127.073265,37.548744,40000,10900
세종대학교노상주차장,1,127.073265,37.548831,40000,10900
세종대학교노상주차장,1,127.073247,37.548718,40000,10900
세종대학교노상주차장,1,127.073248,37.548687,40000,10900
세종대학교노상주차장,1,127.073237,37.548652,40000,10900
세종대학교노상주차장,1,127.073264,37.548875,40000,10900
세종대학교노상주차장,1,127.073245,37.548565,40000,10900
세종대학교노상주차장,1,127.073246,37.548447,40000,10900
세종대학교노상주차장,1,127.073248,37.548484,40000,10900
세종대학교노상주차장,1,127.073239,37.548608,40000,10900
세종대학교노상주차장,1,127.073232,37.548508,40000,10900
세종대학교노상주차장,1,127.073233,37.548351,40000,10900
세종대학교노상주차장,1,127.073216,37.548284,40000,10900
세종대학교노상주차장,1,127.07318,37.548245,40000,10900
세종대학교노상주차장,1,127.073042,37.548126,40000,10900
세종대학교노상주차장,1,127.073258,37.548408,40000,10900
세종대학교노상주차장,1,127.073073,37.548169,40000,10900
466-16 거주자우선주차장,1,127.076693,37.557563,40000,10900
어린이대공원노상주차장,1,127.083546,37.552605,40000,10200
능동 IoT 공유주차장,1,127.079257,37.55195,40000,10200
어린이대공원노상주차장,1,127.082517,37.55223,40000,10200
135-40 거주자우선주차장,1,127.081667,37.552286,40000,10200
135-40 거주자우선주차장,1,127.081595,37.552357,40000,10200
어린이대공원노상주차장,1,127.082702,37.552404,40000,10200
어린이대공원노상주차장,1,127.082605,37.552298,40000,10200
135-40 거주자우선주차장,1,127.08173,37.552272,40000,10200
135-40 거주자우선주차장,1,127.081552,37.552417,40000,10200
166-6 거주자우선주차장,1,127.0813855,37.5529066,0,10200
166-6 거주자우선주차장,1,127.0813646,37.5528669,0,10200
166-6 거주자우선주차장,1,127.081332,37.552808,0,10200
181-2 노상주차장,1,127.081058,37.553812,40000,10200
201-2 노상주차장,1,127.079721,37.553733,40000,10200
201-2 노상주차장,1,127.079388,37.553814,40000,10200
201-2 노상주차장,1,127.0799,37.553643,40000,10200
201-2 노상주차장,1,127.079487,37.553791,40000,10200
223-25 노상주차장,1,127.0802038,37.5554537,40000,10200
223-25 노상주차장,1,127.0803697,37.555391,40000,10200
223-41 노상주차장,1,127.0794233,37.555605,40000,10200
223-41 노상주차장,1,127.079402,37.555568,40000,10200
223-24 노상주차장,1,127.080551,37.555262,40000,10200
223-25 노상주차장,1,127.080489,37.555295,40000,10200
224-1 노상주차장,1,127.0796978,37.5560918,40000,10200
224-1 노상주차장,1,127.0796737,37.5560491,40000,10200
224-1 노상주차장,1,127.079636,37.5556,40000,10200
224-1 노상주차장,1,127.079665,37.556008,40000,10200
225-31 노상주차장,1,127.079094,37.554926,40000,10200
233-20 노상주차장,1,127.08116,37.554016,40000,10200
235-2 노상주차장,1,127.0815986,37.555499,40000,10200
235-2 노상주차장,1,127.0821243,37.5553183,40000,10200
235-42 노상주차장,1,127.0822105,37.5546713,40000,10200
235-42 노상주차장,1,127.081843,37.554783,40000,10200
235-42 노상주차장,1,127.082265,37.554657,40000,10200
235-2 노상주차장,1,127.082178,37.555253,40000,10200
236-6 노상주차장,1,127.0823898,37.5552545,40000,10200
236-6 노상주차장,1,127.082475,37.555186,40000,10200
237-5 노상주차장,1,127.084189,37.554876,0,10200
237-21 노상주차장,1,127.0837926,37.5546698,40000,10200
237-21 노상주차장,1,127.083676,37.554704,40000,10200
어린이대공원노상주차장,1,127.08276,37.552494,40000,10200
어린이대공원노상주차장,1,127.082944,37.55263,40000,10200
어린이대공원노상주차장,1,127.08311,37.552623,40000,10200
어린이대공원노상주차장,1,127.083009,37.552614,40000,10200
어린이대공원노상주차장,1,127.084072,37.55245,40000,10200
243-23 노상주차장,1,127.0839323,37.5531404,40000,10200
243-23 노상주차장,1,127.083946,37.553185,40000,10200
어린이대공원노상주차장,1,127.083931,37.552514,40000,10200
어린이대공원노상주차장,1,127.083809,37.552574,40000,10200
어린이대공원노상주차장,1,127.083742,37.552583,40000,10200
어린이대공원노상주차장,1,127.084019,37.55248,40000,10200
244-11 노상주차장,1,127.083428,37.553609,40000,10200
245-2 거주자우선주차장,1,127.084303,37.554444,40000,10200
247-6 노상주차장,1,127.0868071,37.5539777,40000,10200
247-6 노상주차장,1,127.0867672,37.553936,40000,10200
247-18 노상주차장,1,127.0853952,37.554214,40000,10200
247-18 노상주차장,1,127.085379,37.554175,40000,10200
247-6 노상주차장,1,127.086748,37.553887,40000,10200
248-35 노상주차장,1,127.0858789,37.5538181,40000,10200
248-35 노상주차장,1,127.0859321,37.5538005,40000,10200
248-35 노상주차장,1,127.086293,37.553676,40000,10200
249-3 거주자우선주차장,1,127.086156,37.553106,40000,10200
어린이대공원노상주차장,1,127.0846489,37.5522359,40000,10200
어린이대공원노상주차장,1,127.0845905,37.5522633,40000,10200
어린이대공원노상주차장,1,127.0845213,37.5522753,40000,10200
어린이대공원노상주차장,1,127.0844673,37.5522924,40000,10200
어린이대공원노상주차장,1,127.0847002,37.5521983,40000,10200
어린이대공원노상주차장,1,127.084822,37.552081,40000,10200
어린이대공원노상주차장,1,127.084635,37.552216,40000,10200
어린이대공원노상주차장,1,127.084415,37.552303,40000,10200
어린이대공원노상주차장,1,127.084781,37.55219,40000,10200
어린이대공원노상주차장,1,127.08529,37.551803,40000,10200
어린이대공원노상주차장,1,127.0851577,37.5518736,40000,10200
어린이대공원노상주차장,1,127.0851035,37.5518941,40000,10200
어린이대공원노상주차장,1,127.0850648,37.5519104,40000,10200
어린이대공원노상주차장,1,127.0850209,37.5519227,40000,10200
어린이대공원노상주차장,1,127.0852196,37.5518331,40000,10200
어린이대공원노상주차장,1,127.0855978,37.551714,40000,10200
어린이대공원노상주차장,1,127.0855817,37.5517183,40000,10200
어린이대공원노상주차장,1,127.085388,37.55174,40000,10200
어린이대공원노상주차장,1,127.085367,37.551774,40000,10200
어린이대공원노상주차장,1,127.085007,37.551926,40000,10200
251-36 노상주차장,1,127.084868,37.552138,40000,10200
어린이대공원노상주차장,1,127.085194,37.551841,40000,10200
어린이대공원노상주차장,1,127.085698,37.551629,40000,10200
어린이대공원노상주차장,1,127.085753,37.551649,40000,10200
어린이대공원노상주차장,1,127.0857641,37.5525455,40000,10200
어린이대공원노상주차장,1,127.08573,37.551636,40000,10200
어린이대공원노상주차장,1,127.0857158,37.5516226,40000,10200
어린이대공원노상주차장,1,127.085807,37.551588,40000,10200
어린이대공원노상주차장,1,127.085977,37.551527,40000,10200
어린이대공원노상주차장,1,127.085908,37.551548,40000,10200
어린이대공원노상주차장,1,127.085629,37.551684,40000,10200
어린이대공원노상주차장,1,127.085568,37.551695,40000,10200
254-1 노상주차장,1,127.087247,37.553297,40000,10200
어린이대공원노상주차장,1,127.087377,37.551944,0,10200
어린이대공원노상주차장,1,127.087592,37.552029,0,10200
어린이대공원노상주차장,1,127.087512,37.551999,40000,10200
어린이대공원노상주차장,1,127.087252,37.551863,0,10200
어린이대공원노상주차장,1,127.087231,37.551871,0,10200
어린이대공원노상주차장,1,127.087285,37.551907,0,10200
어린이대공원노상주차장,1,127.0860269,37.5515397,0,10200
어린이대공원노상주차장,1,127.0863917,37.5525348,0,10200
어린이대공원노상주차장,1,127.0863166,37.5515524,0,10200
어린이대공원노상주차장,1,127.086458,37.55158,0,10200
어린이대공원노상주차장,1,127.086639,37.55163,0,10200
258-19 거주자우선주차장,1,127.086579,37.551647,40000,10200
어린이대공원노상주차장,1,127.087153,37.551838,0,10200
어린이대공원노상주차장,1,127.086731,37.551669,0,10200
어린이대공원노상주차장,1,127.086259,37.551491,40000,10200
265-12 거주자우선주차장,1,127.082663,37.55499,40000,10200
270-8 노상주차장,1,127.083007,37.555514,0,10200
270-9 노상주차장,1,127.083886,37.554412,0,10200
270-6 노상주차장,1,127.084829,37.55336,0,10200
어린이대공원노상주차장,1,127.082726,37.552443,40000,10200
270-7 노상주차장,1,127.085509,37.554031,0,10200
270-15 거주자우선주차장,1,127.0857238,37.5522052,0,10200
270-15 거주자우선주차장,1,127.0855575,37.5528687,0,10200
270-15 거주자우선주차장,1,127.085562,37.551928,0,10200
270-10 노상주차장,1,127.0868021,37.5534471,0,10200
270-10 노상주차장,1,127.0868074,37.5535321,0,10200
270-10 노상주차장,1,127.0871669,37.553362,0,10200
270-10 노상주차장,1,127.087409,37.553281,0,10200
270-10 노상주차장,1,127.0875301,37.5532492,0,10200
270-10 노상주차장,1,127.0876304,37.5532034,0,10200
270-10 노상주차장,1,127.087751,37.553143,0,10200
283-6 노상주차장,1,127.078527,37.552283,40000,10200
283-6 노상주차장,1,127.077369,37.552866,40000,10200
284-8 노상주차장,1,127.078267,37.553304,40000,10200
313-8 노상주차장,1,127.07885,37.552138,40000,10200
능동IoT공유주차장,1,127.078347,37.551968,40000,10200
어린이대공원옆노상주차장,1,127.078516,37.552,40000,10200
능동IoT공유주차장,1,127.078171,37.551933,40000,10200
능동IoT공유주차장,1,127.077972,37.551852,40000,10200
315-5 노상주차장,1,127.0777197,37.5522158,40000,10200
315-5 노상주차장,1,127.0777378,37.552249,40000,10200
315-5 노상주차장,1,127.0777749,37.5523152,40000,10200
315-5 노상주차장,1,127.077754,37.552292,40000,10200
능동IoT공유주차장,1,127.077543,37.55177,40000,10200
능동IoT공유주차장,1,127.077689,37.551766,40000,10200
어린이대공원옆노상주차장,1,127.077373,37.551728,40000,10200
능동IoT공유주차장,1,127.077904,37.551827,40000,10200
320-44 노상주차장,1,127.078863,37.554542,40000,10200
320-9 노상주차장,1,127.078776,37.554337,40000,10200
453-18 노상주차장,1,127.080336,37.553832,40000,10200
453-18 노상주차장,1,127.080182,37.553623,40000,10200
5-49 노상주차장,1,127.069255,37.539183,40000,10500
5-56 노상주차장,1,127.066719,37.533504,40000,10500
10-7 노상주차장,1,127.065716,37.539971,40000,10500
대동모텔앞노상주차장,1,127.065409,37.539447,40000,10500
세종빌라앞노상주차장,1,127.065828,37.540232,40000,10500
대동모텔앞노상주차장,1,127.065493,37.53952,40000,10500
진주빌라앞노상주차장,1,127.065716,37.539971,40000,10500
세종빌라앞노상주차장,1,127.065744,37.533349,40000,10500
진주빌라앞노상주차장,1,127.065716,37.539971,40000,10500
10-7 노상주차장,1,127.065716,37.539971,40000,10500
진주빌라앞노상주차장,1,127.065716,37.539971,40000,10500
세종빌라앞노상주차장,1,127.06588,37.540284,40000,10500
10-32 노상주차장,1,127.065393,37.53937,40000,10500
10-7 노상주차장,1,127.065716,37.539971,40000,10500
자양공공힐링센터,6,127.065086,37.5402495,40000,10500
아차산로192노상주차장,1,127.064655,37.54128,40000,10500
아차산로192거주자우선주차장,1,127.064655,37.54128,40000,10500
아차산로192거주자우선주차장,1,127.064781,37.541242,40000,10500
아차산로192거주자우선주차장,1,127.064781,37.541242,40000,10500
17-5 노상주차장,1,127.064704,37.541663,40000,10500
17-5 노상주차장,1,127.064712,37.541703,40000,10500
아차산로192노상주차장,1,127.064781,37.541242,40000,10500
아차산로192공영주차장,1,127.064604,37.541306,40000,10500
17-5 거주자우선주차장,1,127.064525,37.541331,40000,10500
23-2 노상주차장,1,127.064312,37.541406,40000,10500
23-3 노상주차장,1,127.063899,37.541549,40000,10500
23-2 노상주차장,1,127.064256,37.541435,40000,10500
23-2 노상주차장,1,127.064169,37.541454,40000,10500
23-3 노상주차장,1,127.064,37.541522,40000,10500
24-21 노상주차장,1,127.063901,37.540478,40000,10500
한강성원아파트앞노상주차장,1,127.063867,37.540411,40000,10500
24-27 노상주차장,1,127.063869,37.540361,40000,10500
24-21 노상주차장,1,127.063909,37.54052,40000,10500
24-23 노상주차장,1,127.064008,37.540672,40000,10500
24-23 노상주차장,1,127.064053,37.540698,40000,10500
52-105 거주자우선주차장,1,127.064609,37.534787,40000,10500
53-20 거주자우선주차장,1,127.064534,37.534837,40000,10500
53-20 거주자우선주차장,1,127.064392,37.534874,40000,10500
54-19 거주자우선주차장,1,127.0640894,37.5349796,40000,10500
54-19 거주자우선주차장,1,127.064146,37.5349592,40000,10500
54-17 거주자우선주차장,1,127.063728,37.535056,40000,10500
54-19 거주자우선주차장,1,127.064045,37.534967,40000,10500
54-20 거주자우선주차장,1,127.064159,37.534944,40000,10500
55-12 거주자우선주차장,1,127.063597,37.535097,40000,10500
신양중학교골목노상주차장,1,127.0642983,37.5330605,40000,10500
57-134 거주자우선주차장,1,127.062607,37.5338954,40000,10500
57-19 거주자우선주차장,1,127.0630953,37.5348156,40000,10500
57-19 거주자우선주차장,1,127.0631229,37.5348733,40000,10500
57-19 거주자우선주차장,1,127.06315,37.534942,40000,10500
신양중학교골목노상주차장,1,127.064341,37.53307,40000,10500
신양중학교골목노상주차장,1,127.063868,37.532712,40000,10500
57-2 노상주차장,1,127.063333,37.532685,40000,10500
57-134 거주자우선주차장,1,127.062666,37.533921,40000,10500
57-2 노상주차장,1,127.063388,37.532662,40000,10500
57-67 거주자우선주차장,1,127.063019,37.534496,40000,10500
57-2 노상주차장,1,127.062912,37.532775,40000,10500
신양중학교골목노상주차장,1,127.063522,37.5326,40000,10500
신양중학교골목노상주차장,1,127.06426,37.533013,40000,10500
신양중학교골목노상주차장,1,127.063948,37.532769,40000,10500
57-2 노상주차장,1,127.0632,37.532715,40000,10500
신양중학교골목노상주차장,1,127.064307,37.533045,40000,10500
신양중학교골목노상주차장,1,127.064216,37.532987,40000,10500
신양중학교골목노상주차장,1,127.063963,37.532802,40000,10500
신양중학교골목노상주차장,1,127.063797,37.532685,40000,10500
57-134 거주자우선주차장,1,127.062654,37.533895,40000,10500
57-2 노상주차장,1,127.063455,37.532647,40000,10500
57-2 노상주차장,1,127.063254,37.532703,40000,10500
57-2 노상주차장,1,127.062874,37.532807,40000,10500
신양중학교골목노상주차장,1,127.064013,37.532834,40000,10500
신양중학교골목노상주차장,1,127.063823,37.532669,40000,10500
78-2 거주자우선주차장,1,127.065478,37.533853,40000,10500
87-1 노상주차장,1,127.065199,37.533115,40000,10500
87-1 노상주차장,1,127.065135,37.533114,40000,10500
97-1 노상주차장,1,127.062003,37.533045,40000,10500
97-1 노상주차장,1,127.062491,37.532895,40000,10500
97-1 노상주차장,1,127.062766,37.532817,40000,10500
97-1 노상주차장,1,127.062119,37.532968,40000,10500
97-1 노상주차장,1,127.062114,37.533018,40000,10500
97-1 노상주차장,1,127.062819,37.532811,40000,10500
97-1 노상주차장,1,127.062847,37.532787,40000,10500
97-1 노상주차장,1,127.062709,37.532846,40000,10500
97-1 노상주차장,1,127.062662,37.532862,40000,10500
97-1 노상주차장,1,127.062603,37.532858,40000,10500
97-1 노상주차장,1,127.062408,37.532922,40000,10500
97-1 노상주차장,1,127.062352,37.532929,40000,10500
97-1 노상주차장,1,127.062166,37.532972,40000,10500
97-1 노상주차장,1,127.061894,37.533083,40000,10500
97-1 노상주차장,1,127.062081,37.533009,40000,10500
97-1 노상주차장,1,127.062176,37.533099,40000,10500
97-1 노상주차장,1,127.062125,37.533072,40000,10500
97-1 노상주차장,1,127.061955,37.533065,40000,10500
꿈에그린아파트102동앞거주자우선주차상,1,127.0615444,37.5341319,40000,10500
꿈에그린아파트102동앞거주자우선주차상,1,127.061677,37.534085,40000,10500
꿈에그린아파트102동앞거주자우선주차상,1,127.061584,37.534124,40000,10500
꿈에그린아파트102동앞거주자우선주차상,1,127.061485,37.534103,40000,10500
꿈에그린아파트102동앞거주자우선주차상,1,127.061433,37.534123,40000,10500
꿈에그린아파트102동앞거주자우선주차상,1,127.061367,37.534132,40000,10500
181-1 노상주차장,1,127.0616401,37.5333202,40000,10500
181-1 노상주차장,1,127.0616045,37.5333678,40000,10500
181-1 노상주차장,1,127.0615622,37.5334137,40000,10500
181-1 노상주차장,1,127.0615289,37.5334525,40000,10500
181-1 노상주차장,1,127.0614977,37.5335019,40000,10500
181-1 노상주차장,1,127.061451,37.5335584,40000,10500
181-1 노상주차장,1,127.0614065,37.5336113,40000,10500
181-1 노상주차장,1,127.0613598,37.533666,40000,10500
181-1 노상주차장,1,127.0613131,37.5337313,40000,10500
181-1 노상주차장,1,127.061283,37.533805,40000,10500
193-33 거주자우선주차장,1,127.0617808,37.5348975,40000,10500
193-33 거주자우선주차장,1,127.0618409,37.5348816,40000,10500
193-30 거주자우선주차장,1,127.062136,37.5341,40000,10500
193-33 거주자우선주차장,1,127.061903,37.534863,40000,10500
193-30 거주자우선주차장,1,127.062079,37.534106,40000,10500
195-10 거주자우선주차장,1,127.062511,37.534723,40000,10500
195-10 거주자우선주차장,1,127.062449,37.534727,40000,10500
199-1 거주자우선주차장,1,127.061846,37.536312,40000,10500
199-5 거주자우선주차장,1,127.0621258,37.5355299,40000,10500
199-5 거주자우선주차장,1,127.0628356,37.5353536,40000,10500
199-5 거주자우선주차장,1,127.0623606,37.5354953,40000,10500
199-5 거주자우선주차장,1,127.062303,37.535508,40000,10500
199-5 거주자우선주차장,1,127.062248,37.535509,40000,10500
199-5 거주자우선주차장,1,127.06216,37.535548,40000,10500
202-14 거주자우선주차장,1,127.0615473,37.5361274,40000,10500
202-33 거주자우선주차장,1,127.061186,37.535468,40000,10500
202-18 거주자우선주차장,1,127.061403,37.53593,40000,10500
202-14 거주자우선주차장,1,127.061477,37.536027,40000,10500
203-18 거주자우선주차장,1,127.061108,37.535334,40000,10500
203-18 거주자우선주차장,1,127.061108,37.535342,40000,10500
203-18 거주자우선주차장,1,127.061106,37.535319,40000,10500
206-3 거주자우선주차장,1,127.060613,37.535224,40000,10500
서울자양초등학교,35,127.079362,37.5369703,40000,10500
226-32 거주자우선주차장,1,127.075243,37.53918,40000,10500
진주빌라앞노상주차장,1,127.065666,37.532918,40000,10500
226-1 노상주차장,1,127.065796,37.532827,40000,10500
226-32 거주자우선주차장,1,127.075254,37.539256,40000,10500
226-1 노상주차장,1,127.065636,37.532955,40000,10500
226-1 노상주차장,1,127.065625,37.532992,40000,10500
226-32 거주자우선주차장,1,127.075213,37.539045,40000,10500
226-32 거주자우선주차장,1,127.075218,37.539094,40000,10500
226-32 거주자우선주차장,1,127.07521,37.538979,40000,10500
226-32 거주자우선주차장,1,127.075218,37.539121,40000,10500
226-32 거주자우선주차장,1,127.075243,37.539214,40000,10500
226-1 노상주차장,1,127.065739,37.532873,40000,10500
롯데백화점,10,127.0709,37.5383451,40000,10500
송림식당길(노상),71,127.076499,37.536774,0,10500
452-5 노상주차장,1,127.074177,37.532705,40000,10500
452-5 거주자우선주차장,1,127.074068,37.532716,40000,10500
452-2 거주자우선주차장,1,127.074248,37.532674,40000,10500
카이스트수학앞노상주차장,1,127.073688,37.532819,40000,10500
453-4 노상주차장,1,127.073802,37.532798,40000,10500
광진어르신돌봄센터앞거주자우선주차장,1,127.073812,37.532788,40000,10500
광진어르신돌봄센터앞거주자우선주차장,1,127.073868,37.532763,40000,10500
광진어르신돌봄센터앞거주자우선주차장,1,127.073981,37.532752,40000,10500
454-7 거주자우선주차장,1,127.073614,37.532869,40000,10500
454-7 노상주차장,1,127.073556,37.532881,40000,10500
자양2차우성아파트노상주차장,1,127.07343,37.532909,40000,10500
자양2차우성아파트노상주차장,1,127.073504,37.532898,40000,10500
자양2차우성아파트노상주차장,1,127.073456,37.532905,40000,10500
454-7 노상주차장,1,127.073611,37.532855,40000,10500
자양2차우성아파트노상주차장,1,127.073392,37.53293,40000,10500
자양2차우성아파트노상주차장,1,127.073496,37.532899,40000,10500
J-town앞노상주차장,1,127.072488,37.533618,40000,10500
J-town앞노상주차장,1,127.072464,37.533571,40000,10500
460-1 거주자우선주차장,1,127.072585,37.533709,40000,10500
460-8 거주자우선주차장,1,127.072456,37.533431,40000,10500
460-8 거주자우선주차장,1,127.072471,37.533472,40000,10500
J-town앞노상주차장,1,127.072476,37.53352,40000,10500
460-1 거주자우선주차장,1,127.072633,37.533736,40000,10500
460-8 거주자우선주차장,1,127.072451,37.533357,40000,10500
461-3 거주자우선주차장,1,127.072575,37.533195,40000,10500
461-3 노상주차장,1,127.072526,37.533225,40000,10500
자양2차우성아파트노상주차장,1,127.073179,37.533363,40000,10500
자양2차우성아파트노상주차장,1,127.073276,37.533215,40000,10500
462-4 노상주차장,1,127.072678,37.533032,40000,10500
자양2차우성아파트노상주차장,1,127.073162,37.533406,40000,10500
462-4 거주자우선주차장,1,127.072647,37.533087,40000,10500
자양2차우성아파트노상주차장,1,127.073197,37.53333,40000,10500
자양2차우성아파트노상주차장,1,127.073223,37.533311,40000,10500
자양2차우성아파트노상주차장,1,127.073239,37.533272,40000,10500
자양2차우성아파트노상주차장,1,127.073264,37.533232,40000,10500
자양2차우성아파트노상주차장,1,127.073297,37.533181,40000,10500
자양2차우성아파트노상주차장,1,127.07332,37.533141,40000,10500
자양2차우성아파트노상주차장,1,127.073336,37.533105,40000,10500
자양2차우성아파트노상주차장,1,127.073124,37.533437,40000,10500
성수농축산노상주차장,1,127.073389,37.532055,40000,10500
성수농축산노상주차장,1,127.073318,37.532063,40000,10500
성수농축산노상주차장,1,127.073246,37.5321,40000,10500
장경로얄빌라주변노상주차장,1,127.072812,37.531158,40000,10500
장경로얄빌라주변노상주차장,1,127.072615,37.531168,40000,10500
장경로얄빌라주변노상주차장,1,127.072491,37.531203,40000,10500
475-5 노상주차장,1,127.072587,37.530961,40000,10500
476-1 노상주차장,1,127.072468,37.53094,40000,10500
482-5 거주자우선주차장,1,127.07023,37.5308803,40000,10500
482-5 거주자우선주차장,1,127.0702944,37.5308654,40000,10500
482-5 거주자우선주차장,1,127.0703668,37.5308526,40000,10500
482-5 거주자우선주차장,1,127.0704151,37.5308484,40000,10500
482-5 거주자우선주차장,1,127.0704741,37.5308313,40000,10500
482-5 거주자우선주차장,1,127.0705197,37.5308143,40000,10500
482-5 거주자우선주차장,1,127.0705734,37.5308016,40000,10500
482-5 거주자우선주차장,1,127.0706404,37.5307846,40000,10500
482-5 거주자우선주차장,1,127.0706994,37.5307739,40000,10500
482-5 거주자우선주차장,1,127.0707638,37.5307569,40000,10500
482-5 거주자우선주차장,1,127.0708175,37.5307378,40000,10500
482-5 거주자우선주차장,1,127.0708845,37.5307229,40000,10500
482-5 거주자우선주차장,1,127.0709596,37.5307101,40000,10500
482-5 거주자우선주차장,1,127.0710079,37.5307016,40000,10500
482-5 거주자우선주차장,1,127.0710669,37.5306825,40000,10500
482-5 거주자우선주차장,1,127.071134,37.5306591,40000,10500
482-5 거주자우선주차장,1,127.071193,37.530642,40000,10500
482-5 거주자우선주차장,1,127.0712627,37.5306229,40000,10500
482-5 거주자우선주차장,1,127.071375,37.530587,40000,10500
482-5 노상주차장,1,127.071403,37.530807,40000,10500
482-5 거주자우선주차장,1,127.071378,37.530587,40000,10500
489-2 거주자우선주차장,1,127.0677752,37.5315577,40000,10500
489-2 거주자우선주차장,1,127.0678221,37.5315333,40000,10500
489-2 거주자우선주차장,1,127.0678878,37.531512,40000,10500
489-2 거주자우선주차장,1,127.0679254,37.5314875,40000,10500
489-2 거주자우선주차장,1,127.0679964,37.5314822,40000,10500
489-2 거주자우선주차장,1,127.0680702,37.5314514,40000,10500
489-2 거주자우선주차장,1,127.0681118,37.5314471,40000,10500
489-2 거주자우선주차장,1,127.0681681,37.531429,40000,10500
489-2 거주자우선주차장,1,127.0682392,37.531411,40000,10500
489-2 거주자우선주차장,1,127.0683009,37.5313929,40000,10500
489-2 거주자우선주차장,1,127.0683532,37.5313865,40000,10500
489-2 거주자우선주차장,1,127.0684162,37.5313737,40000,10500
489-2 거주자우선주차장,1,127.0684873,37.5313493,40000,10500
489-2 거주자우선주차장,1,127.0685181,37.5313333,40000,10500
489-2 거주자우선주차장,1,127.0685597,37.5313184,40000,10500
489-2 거주자우선주차장,1,127.0686214,37.5313025,40000,10500
489-2 거주자우선주차장,1,127.0686724,37.531294,40000,10500
489-2 거주자우선주차장,1,127.0687112,37.5312844,40000,10500
489-2 거주자우선주차장,1,127.0687635,37.5312663,40000,10500
489-2 거주자우선주차장,1,127.0687971,37.5312546,40000,10500
489-2 거주자우선주차장,1,127.068844,37.5312429,40000,10500
489-2 거주자우선주차장,1,127.0688856,37.5312323,40000,10500
489-2 거주자우선주차장,1,127.0689325,37.5312238,40000,10500
489-2 거주자우선주차장,1,127.068975,37.531214,40000,10500
495-6 노상주차장,1,127.071603,37.53134,40000,10500
495-1 노상주차장,1,127.071777,37.531434,40000,10500
장미맨션옆노상주차장,1,127.07166,37.531362,40000,10500
495-1 노상주차장,1,127.071845,37.531483,40000,10500
골든리버파크주변노상주차장,1,127.070847,37.532656,40000,10500
골든리버파크주변노상주차장,1,127.070792,37.532567,40000,10500
골든리버파크주변노상주차장,1,127.070822,37.532629,40000,10500
뚝도변전소옆노상주차장,1,127.069308,37.53658,40000,10500
뚝도변전소옆노상주차장,1,127.069308,37.53658,40000,10500
뚝도변전소옆노상주차장,1,127.069308,37.53658,40000,10500
뚝도변전소옆노상주차장,1,127.069308,37.53658,40000,10500
뚝도변전소옆노상주차장,1,127.069308,37.53658,40000,10500
뚝도변전소옆노상주차장,1,127.069308,37.53658,40000,10500
자양우성6차아파트앞노상주차장,1,127.070207,37.536856,40000,10500
자양6차우성아파트옆노상주차장,1,127.070603,37.536299,40000,10500
자양우성6차아파트앞노상주차장,1,127.070184,37.53682,40000,10500
자양우성6차아파트앞노상주차장,1,127.070275,37.536892,40000,10500
자양6차우성아파트옆노상주차장,1,127.070603,37.536299,40000,10500
520-2 노상주차장,1,127.074709,37.532868,40000,10500
자양2차우성아파트노상주차장,1,127.073193,37.533792,40000,10500
520-2 노상주차장,1,127.074893,37.532836,40000,10500
자양2차우성아파트노상주차장,1,127.073114,37.53351,40000,10500
자양2차우성아파트노상주차장,1,127.073145,37.533646,40000,10500
자양2차우성아파트노상주차장,1,127.0731,37.53355,40000,10500
자양2차우성아파트노상주차장,1,127.073233,37.533811,40000,10500
자양2차우성아파트노상주차장,1,127.073149,37.533681,40000,10500
520-2 노상주차장,1,127.074801,37.532854,40000,10500
550-7 거주자우선주차장,1,127.0684254,37.5360318,40000,10500
550-7 거주자우선주차장,1,127.0683918,37.5360148,40000,10500
550-7 거주자우선주차장,1,127.068346,37.536001,40000,10500
현대아파트부설주차장,1,127.071102,37.533674,40000,10500
매쓰플랜수학학원앞거주자우선주차장,1,127.071169,37.533631,40000,10500
자양1차우성아파트옆노상주차장,1,127.075535,37.534842,40000,10500
자양1차우성아파트옆노상주차장,1,127.075535,37.534842,40000,10500
자양1차우성아파트옆노상주차장,1,127.075535,37.534842,40000,10500
자양1차우성아파트옆노상주차장,1,127.075535,37.534842,40000,10500
자양1차우성아파트옆노상주차장,1,127.075535,37.534842,40000,10500
자양1차우성아파트옆노상주차장,1,127.075535,37.534842,40000,10500
자양1차우성아파트앞노상주차장,1,127.075185,37.534033,40000,10500
579 노상주차장,1,127.06613,37.533569,40000,10500
자양1차우성아파트옆노상주차장,1,127.075216,37.533997,40000,10500
자양1차우성아파트옆노상주차장,1,127.075369,37.533956,40000,10500
자양1차우성아파트앞노상주차장,1,127.075465,37.533934,40000,10500
자양1차우성아파트앞노상주차장,1,127.075516,37.533907,40000,10500
자양1차우성아파트앞노상주차장,1,127.075618,37.533893,40000,10500
자양1차우성아파트옆노상주차장,1,127.075535,37.534842,40000,10500
자양1차우성아파트옆노상주차장,1,127.075535,37.534842,40000,10500
자양1차우성아파트옆노상주차장,1,127.075535,37.534842,40000,10500
자양1차우성아파트앞노상주차장,1,127.07555,37.533911,40000,10500
성보빌딩노상주차장,1,127.075455,37.532678,40000,10500
성보빌딩앞노상주차장,1,127.075375,37.532568,40000,10500
성보빌딩앞노상주차장,1,127.075416,37.532609,40000,10500
582-19 노상주차장,1,127.074133,37.531836,40000,10500
582-19 노상주차장,1,127.074261,37.531785,40000,10500
송광아트빌라옆노상주차장,1,127.07458,37.532203,40000,10500
행운연립노상주차장,1,127.074256,37.532457,40000,10500
582-19 노상주차장,1,127.074222,37.531805,40000,10500
행운연립노상주차장,1,127.074185,37.532444,40000,10500
582-19 노상주차장,1,127.074525,37.531939,40000,10500
송광아트빌라옆노상주차장,1,127.074611,37.532262,40000,10500
582-19 노상주차장,1,127.074062,37.531862,40000,10500
582-19 노상주차장,1,127.074476,37.531813,40000,10500
582-19 노상주차장,1,127.074522,37.531979,40000,10500
582-19 노상주차장,1,127.074544,37.532026,40000,10500
행운연립노상주차장,1,127.074346,37.532495,40000,10500
송림기사식당길B공영주차장,1,127.074961,37.531174,40000,10500
송림기사식당길B공영주차장,1,127.075,37.531356,40000,10500
송림기사식당길B공영주차장,1,127.074948,37.531223,40000,10500
송림기사식당길B공영주차장,1,127.074989,37.531329,40000,10500
송림기사식당길B공영주차장,1,127.074878,37.530944,40000,10500
송림기사식당길B공영주차장,1,127.074905,37.530993,40000,10500
미주맨션옆노상주차장,1,127.074251,37.531072,40000,10500
미주맨션옆노상주차장,1,127.074254,37.531134,40000,10500
미주맨션옆노상주차장,1,127.074232,37.531013,40000,10500
미주맨션옆노상주차장,1,127.074289,37.531192,40000,10500
미주맨션옆노상주차장,1,127.074313,37.531267,40000,10500
현대맨션가동옆노상주차장,1,127.073769,37.531819,40000,10500
현대맨션가동옆노상주차장,1,127.073659,37.53141,40000,10500
정은연립옆노상주차장,1,127.073765,37.531799,40000,10500
현대맨션가동옆노상주차장,1,127.073565,37.531092,40000,10500
현대맨션가동옆노상주차장,1,127.073751,37.531763,40000,10500
588-20 거주자우선주차장,1,127.071543,37.5304421,40000,10500
588-20 거주자우선주차장,1,127.0716503,37.5304208,40000,10500
588-20 거주자우선주차장,1,127.0717307,37.5304038,40000,10500
588-20 거주자우선주차장,1,127.0718649,37.530391,40000,10500
588-20 거주자우선주차장,1,127.0719721,37.5303655,40000,10500
588-20 거주자우선주차장,1,127.0720794,37.5303485,40000,10500
588-20 거주자우선주차장,1,127.0721867,37.5303102,40000,10500
588-20 거주자우선주차장,1,127.0722725,37.5302975,40000,10500
588-20 거주자우선주차장,1,127.0724013,37.5302634,40000,10500
588-20 거주자우선주차장,1,127.072615,37.530223,40000,10500
문명빌딩옆노상주차장,1,127.07217,37.530698,40000,10500
문명빌딩옆노상주차장,1,127.072174,37.530726,40000,10500
정우하이츠빌라옆노상주차장,1,127.074148,37.530494,40000,10500
정우하이츠빌라옆노상주차장,1,127.074209,37.53056,40000,10500
674 노상주차장,1,127.067036,37.533407,40000,10500
674 노상주차장,1,127.066329,37.533022,40000,10500
674 노상주차장,1,127.066466,37.533422,40000,10500
674 노상주차장,1,127.066408,37.533304,40000,10500
대동모텔앞노상주차장,1,127.066269,37.532926,40000,10500
674 노상주차장,1,127.066277,37.532976,40000,10500
674 노상주차장,1,127.066441,37.533358,40000,10500
진주빌라앞노상주차장,1,127.065553,37.533056,40000,10500
674 노상주차장,1,127.065519,37.53311,40000,10500
대동모텔앞노상주차장,1,127.066234,37.532868,40000,10500
674 노상주차장,1,127.066447,37.533388,40000,10500
기업정밀노상주차장,1,127.067081,37.533375,40000,10500
진주빌라앞노상주차장,1,127.065579,37.53303,40000,10500
동서울호텔길A공영주차장,1,127.089057,37.529814,40000,10500
동서울호텔길A공영주차장,1,127.090215,37.529707,40000,10500
동서울호텔길A공영주차장,1,127.089584,37.529696,40000,10500
동서울호텔길A공영주차장,1,127.088806,37.529901,40000,10500
동서울호텔길A공영주차장,1,127.090456,37.529829,40000,10500
동서울호텔길A공영주차장,1,127.088867,37.529873,40000,10500
동서울호텔길A공영주차장,1,127.090311,37.529739,40000,10500
동서울호텔길A공영주차장,1,127.089308,37.529776,40000,10500
동서울호텔길A공영주차장,1,127.088587,37.529957,40000,10500
동서울호텔길A공영주차장,1,127.090398,37.529773,40000,10500
동서울호텔길A공영주차장,1,127.090361,37.529754,40000,10500
동서울호텔길A공영주차장,1,127.09013,37.529658,40000,10500
동서울호텔길A공영주차장,1,127.090015,37.529627,40000,10500
동서울호텔길A공영주차장,1,127.089496,37.529727,40000,10500
동서울호텔길A공영주차장,1,127.089422,37.529724,40000,10500
동서울호텔길A공영주차장,1,127.089132,37.529778,40000,10500
동서울호텔길A공영주차장,1,127.088973,37.529864,40000,10500
동서울호텔길A공영주차장,1,127.088689,37.529919,40000,10500
동서울호텔길A공영주차장,1,127.088637,37.529943,40000,10500
동서울호텔길A공영주차장,1,127.088524,37.529951,40000,10500
동서울호텔길A공영주차장,1,127.088484,37.529951,40000,10500
동서울호텔길A공영주차장,1,127.091538,37.530643,40000,10500
동서울호텔길A공영주차장,1,127.091422,37.530542,40000,10500
동서울호텔길A공영주차장,1,127.091052,37.53025,40000,10500
동서울호텔길A공영주차장,1,127.091578,37.530671,40000,10500
동서울호텔길A공영주차장,1,127.090833,37.530099,40000,10500
동서울호텔길A공영주차장,1,127.091368,37.53049,40000,10500
동서울호텔길A공영주차장,1,127.090891,37.530124,40000,10500
동서울호텔길A공영주차장,1,127.091158,37.530304,40000,10500
동서울호텔길A공영주차장,1,127.09098,37.530194,40000,10500
동서울호텔길A공영주차장,1,127.090812,37.530097,40000,10500
동서울호텔길A공영주차장,1,127.090728,37.530053,40000,10500
동서울호텔길A공영주차장,1,127.090638,37.529998,40000,10500
동서울호텔길A공영주차장,1,127.091765,37.530837,40000,10500
동서울호텔길A공영주차장,1,127.091226,37.530385,40000,10500
동서울호텔길A공영주차장,1,127.091699,37.530772,40000,10500
동서울호텔길A공영주차장,1,127.091629,37.530722,40000,10500
동서울호텔길A공영주차장,1,127.091476,37.530597,40000,10500
동서울호텔길A공영주차장,1,127.090775,37.530094,40000,10500
동서울호텔길A공영주차장,1,127.091291,37.530429,40000,10500
758 노상주차장,1,127.080684,37.5277875,40000,10500
758 노상주차장,1,127.080743,37.5277875,40000,10500
758 노상주차장,1,127.0807805,37.527779,40000,10500
758 노상주차장,1,127.0808449,37.527779,40000,10500
758 노상주차장,1,127.0809146,37.5277662,40000,10500
758 노상주차장,1,127.0809844,37.5277662,40000,10500
758 노상주차장,1,127.081038,37.5277619,40000,10500
758 노상주차장,1,127.0811185,37.5277492,40000,10500
758 노상주차장,1,127.0811989,37.5277492,40000,10500
758 노상주차장,1,127.0812794,37.5277492,40000,10500
758 노상주차장,1,127.0813438,37.5277577,40000,10500
758 노상주차장,1,127.0814242,37.5277534,40000,10500
758 노상주차장,1,127.0814886,37.5277534,40000,10500
758 노상주차장,1,127.0815744,37.5277364,40000,10500
758 노상주차장,1,127.0816496,37.5277364,40000,10500
758 노상주차장,1,127.0817139,37.5277236,40000,10500
758 노상주차장,1,127.0817944,37.5277194,40000,10500
758 노상주차장,1,127.081891,37.5277109,40000,10500
758 노상주차장,1,127.0819661,37.5277024,40000,10500
758 노상주차장,1,127.0820358,37.5276981,40000,10500
758 노상주차장,1,127.0821323,37.5277024,40000,10500
758 노상주차장,1,127.0821967,37.5277024,40000,10500
758 노상주차장,1,127.0822665,37.5276981,40000,10500
758 노상주차장,1,127.0823308,37.5276811,40000,10500
758 노상주차장,1,127.0824274,37.5276896,40000,10500
758 노상주차장,1,127.0825132,37.5277024,40000,10500
758 노상주차장,1,127.0825937,37.5277066,40000,10500
758 노상주차장,1,127.0826795,37.5277024,40000,10500
758 노상주차장,1,127.08276,37.5276981,40000,10500
758 노상주차장,1,127.082839,37.527717,40000,10500
자양2차현대아파트노상주차장,1,127.070855,37.533756,40000,10500
자양2차현대아파트노상주차장,1,127.070311,37.5339,40000,10500
자양2차현대아파트앞노상주차장,1,127.0705,37.533844,40000,10500
자양2차현대아파트앞노상주차장,1,127.070094,37.534527,40000,10500
자양2차현대아파트앞노상주차장,1,127.070705,37.533789,40000,10500
자양2차현대아파트노상주차장,1,127.070381,37.533891,40000,10500
자양2차현대아파트앞노상주차장,1,127.070127,37.533899,40000,10500
자양2차현대아파트노상주차장,1,127.070784,37.533759,40000,10500
자양2차현대아파트노상주차장,1,127.070574,37.533827,40000,10500
자양2차현대아파트노상주차장,1,127.070147,37.533949,40000,10500
자양2차현대아파트노상주차장,1,127.070014,37.534368,40000,10500
자양2차현대아파트노상주차장,1,127.07063,37.533817,40000,10500
세선교회노상주차장,1,127.070269,37.533918,40000,10500
한라아파트부설주차장,1,127.070522,37.535678,40000,10500
한라아파트부설주차장,1,127.070522,37.535678,40000,10500
한라아파트부설주차장,1,127.070522,37.535678,40000,10500
한라아파트부설주차장,1,127.06948,37.535393,40000,10500
한라아파트부설주차장,1,127.070522,37.535678,40000,10500
한라아파트부설주차장,1,127.070522,37.535678,40000,10500
한라아파트부설주차장,1,127.070522,37.535678,40000,10500
한라아파트부설주차장,1,127.06948,37.535393,40000,10500
한라아파트부설주차장,1,127.06948,37.535393,40000,10500
현대6차아파트앞노상주차장,1,127.071044,37.532853,40000,10500
현대6차아파트노상주차장,1,127.071024,37.532843,40000,10500
현대6차아파트노상주차장,1,127.071114,37.532991,40000,10500
현대6차아파트노상주차장,1,127.071056,37.532928,40000,10500
현대6차아파트노상주차장,1,127.071127,37.533044,40000,10500
787 노상주차장,1,127.0707386,37.5325339,40000,10500
787 노상주차장,1,127.072231,37.53205,40000,10500
787 노상주차장,1,127.072256,37.532087,40000,10500
787 노상주차장,1,127.072201,37.532003,40000,10500
787 노상주차장,1,127.070898,37.532361,40000,10500
삼성아파트103동옆노상주차장,1,127.072495,37.532267,40000,10500
787 노상주차장,1,127.070845,37.532408,40000,10500
787 노상주차장,1,127.072272,37.532135,40000,10500
787 노상주차장,1,127.072103,37.531872,40000,10500
삼성아파트103동옆노상주차장,1,127.072463,37.532283,40000,10500
삼성아파트103동옆노상주차장,1,127.072562,37.532244,40000,10500
787 노상주차장,1,127.070822,37.532422,40000,10500
787 노상주차장,1,127.070834,37.532527,40000,10500
삼성아파트노상주차장,1,127.070863,37.532389,40000,10500
삼성아파트노상주차장,1,127.070816,37.5325,40000,10500
삼성아파트노상주차장,1,127.07087,37.532605,40000,10500
787 노상주차장,1,127.072022,37.531719,40000,10500
787 노상주차장,1,127.072084,37.531844,40000,10500
787 노상주차장,1,127.072295,37.532177,40000,10500
삼성아파트103동옆노상주차장,1,127.072608,37.532228,40000,10500
787 노상주차장,1,127.071808,37.531636,40000,10500
787 노상주차장,1,127.072068,37.531756,40000,10500
787 노상주차장,1,127.07214,37.531882,40000,10500
787 노상주차장,1,127.072328,37.532223,40000,10500
787 노상주차장,1,127.072368,37.532267,40000,10500
삼성아파트103동옆노상주차장,1,127.072522,37.532254,40000,10500
787 노상주차장,1,127.071867,37.53158,40000,10500
787 노상주차장,1,127.071319,37.532018,40000,10500
자양8차현대홈타운노상주차장,1,127.072214,37.532907,40000,10500
자양8차현대홈타운노상주차장,1,127.071415,37.533143,40000,10500
자양8차현대홈타운노상주차장,1,127.071349,37.533173,40000,10500
자양8차현대아파트앞노상주차장,1,127.072297,37.532894,40000,10500
자양8차현대아파트앞노상주차장,1,127.072025,37.532981,40000,10500
자양8차현대아파트앞노상주차장,1,127.071276,37.533469,40000,10500
자양8차현대아파트앞노상주차장,1,127.071227,37.533377,40000,10500
789 노상주차장,1,127.071571,37.533112,40000,10500
자양8차현대홈타운노상주차장,1,127.072052,37.532962,40000,10500
자양8차현대홈타운부설주차장,1,127.071661,37.533074,40000,10500
자양8차현대홈타운노상주차장,1,127.072106,37.532954,40000,10500
자양8차현대홈타운노상주차장,1,127.071736,37.533057,40000,10500
자양8차현대홈타운노상주차장,1,127.071601,37.533102,40000,10500
자양8차현대홈타운노상주차장,1,127.071484,37.533123,40000,10500
자양8차현대홈타운노상주차장,1,127.071486,37.533129,40000,10500
자양8차현대홈타운노상주차장,1,127.071282,37.533193,40000,10500
자양8차현대홈타운노상주차장,1,127.071702,37.533065,40000,10500
자양8차현대홈타운노상주차장,1,127.071617,37.53309,40000,10500
자양8차현대홈타운노상주차장,1,127.072173,37.532932,40000,10500
자양10차현대홈타운앞노상주차장,1,127.071001,37.53302,40000,10500
자양10차현대홈타운앞노상주차장,1,127.071074,37.533213,40000,10500
자양10차현대홈타운앞노상주차장,1,127.070996,37.533021,40000,10500
자양10차현대홈타운앞노상주차장,1,127.071178,37.533381,40000,10500
자양10차현대홈타운앞노상주차장,1,127.071038,37.53313,40000,10500
자양10차현대홈타운앞노상주차장,1,127.070949,37.532902,40000,10500
자양10차현대홈타운앞노상주차장,1,127.070991,37.532978,40000,10500
자양10차현대홈타운앞노상주차장,1,127.071018,37.533063,40000,10500
자양10차현대홈타운앞노상주차장,1,127.071103,37.533281,40000,10500
자양10차현대홈타운앞노상주차장,1,127.071131,37.533322,40000,10500
자양10차현대홈타운앞노상주차장,1,127.071179,37.533424,40000,10500
794 노상주차장,1,127.06526,37.533128,40000,10500
794 노상주차장,1,127.065294,37.533127,40000,10500
809 거주자우선주차장,1,127.0690928,37.5311951,40000,10500
809 거주자우선주차장,1,127.069133,37.5311717,40000,10500
809 거주자우선주차장,1,127.0691786,37.5311547,40000,10500
809 거주자우선주차장,1,127.0692269,37.5311355,40000,10500
809 거주자우선주차장,1,127.0692671,37.5311419,40000,10500
809 거주자우선주차장,1,127.0693342,37.531127,40000,10500
809 거주자우선주차장,1,127.0694066,37.5311121,40000,10500
809 거주자우선주차장,1,127.0694656,37.5310951,40000,10500
809 거주자우선주차장,1,127.0695246,37.5310823,40000,10500
809 거주자우선주차장,1,127.0695783,37.5310632,40000,10500
809 거주자우선주차장,1,127.0696373,37.5310377,40000,10500
809 거주자우선주차장,1,127.0696909,37.531027,40000,10500
809 거주자우선주차장,1,127.0697446,37.5310079,40000,10500
809 거주자우선주차장,1,127.0698036,37.5309909,40000,10500
809 거주자우선주차장,1,127.069869,37.530987,40000,10500
829 노상주차장,1,127.066837,37.533442,40000,10500
829 노상주차장,1,127.066489,37.53346,40000,10500
829 노상주차장,1,127.066655,37.533513,40000,10500
829 노상주차장,1,127.066947,37.53343,40000,10500
829 노상주차장,1,127.066773,37.5335,40000,10500
848-11 거주자우선주차장,1,127.06692,37.538085,40000,10500
848-11 거주자우선주차장,1,127.066976,37.538069,40000,10500
19-1 노상주차장,1,127.083974,37.5613173,40000,10100
중곡복개천공영주차장B,1,127.084055,37.561255,40000,10100
19-1 노상주차장,1,127.083889,37.561386,40000,10100
28-25 거주자우선주차장,1,127.086195,37.564198,40000,10100
28-1 거주자우선주차장,1,127.086649,37.564391,40000,10100
28-25 거주자우선주차장,1,127.086156,37.564142,40000,10100
28-1 거주자우선주차장,1,127.086506,37.564348,40000,10100
국립정신건강센터,35,127.085752,37.5650679,0,10100
30-2 거주자우선주차장,1,127.086088,37.564028,40000,10100
30-1 거주자우선주차장,1,127.085918,37.565761,40000,10100
30-1 거주자우선주차장,1,127.085835,37.5658,40000,10100
30-1 거주자우선주차장,1,127.085735,37.565793,40000,10100
30-1 거주자우선주차장,1,127.085673,37.565821,40000,10100
30-1 거주자우선주차장,1,127.086388,37.565586,40000,10100
30-2 거주자우선주차장,1,127.086108,37.56405,40000,10100
30-1 거주자우선주차장,1,127.085959,37.565752,40000,10100
30-2 거주자우선주차장,1,127.086134,37.564089,40000,10100
30-1 거주자우선주차장,1,127.086013,37.565708,40000,10100
41-49 노상주차장,1,127.082314,37.560873,40000,10100
중곡복개천공영주차장B,1,127.082884,37.56195,40000,10100
중곡복개천공영주차장B,1,127.082678,37.562044,40000,10100
중곡복개천공영주차장B,1,127.083406,37.561643,40000,10100
중곡복개천공영주차장B,1,127.083213,37.561766,40000,10100
43-1 노상주차장,1,127.083084,37.561822,40000,10100
44-19 노상주차장,1,127.0842965,37.560821,40000,10100
44-2 노상주차장,1,127.084252,37.560692,40000,10100
44-19 노상주차장,1,127.084343,37.560914,40000,10100
47-38 거주자우선주차장,1,127.081914,37.560174,40000,10100
47-29 거주자우선주차장,1,127.082082,37.56049,40000,10100
50-51 노상주차장,1,127.0833596,37.5591148,40000,10100
50-11 노상주차장,1,127.083445,37.559287,40000,10100
50-28 노상주차장,1,127.083785,37.559873,40000,10100
50-51 노상주차장,1,127.08345,37.559282,40000,10100
53-2 노상주차장,1,127.084115,37.559076,40000,10100
53-1 노상주차장,1,127.084131,37.559102,40000,10100
69-13 노상주차장,1,127.083769,37.56809,40000,10100
106-33 거주자우선주차장,1,127.0937133,37.5563534,40000,10100
106-33 거주자우선주차장,1,127.0937119,37.5564034,40000,10100
106-33 거주자우선주차장,1,127.09372,37.556464,40000,10100
117-27 거주자우선주차장,1,127.087541,37.55544,40000,10100
중곡복개천공영주차장,1,127.086882,37.555525,40000,10100
127-5 노상주차장,1,127.086269,37.55912,40000,10100
128-10 노상주차장,1,127.085425,37.558626,40000,10100
130-1 노상주차장,1,127.08524,37.556306,40000,10100
134-16 노상주차장,1,127.086499,37.555568,40000,10100
134-16 노상주차장,1,127.085443,37.556448,40000,10100
142-24 노상주차장,1,127.081193,37.557355,40000,10100
143-130 거주자우선주차장,1,127.0956732,37.5611,40000,10100
143-130 거주자우선주차장,1,127.0957168,37.5611519,40000,10100
143-130 거주자우선주차장,1,127.0957347,37.5612258,40000,10100
143-130 거주자우선주차장,1,127.0957248,37.5613248,40000,10100
143-130 거주자우선주차장,1,127.0957386,37.5613924,40000,10100
143-130 거주자우선주차장,1,127.0957565,37.5614663,40000,10100
143-130 거주자우선주차장,1,127.0958061,37.5615558,40000,10100
143-130 거주자우선주차장,1,127.095808,37.561627,40000,10100
143-146 거주자우선주차장,1,127.0959909,37.5619954,40000,10100
143-146 노상주차장,1,127.0960468,37.5620692,40000,10100
143-146 노상주차장,1,127.0960973,37.5621536,40000,10100
143-146 노상주차장,1,127.096106,37.56226,40000,10100
150-405 노상주차장,1,127.088462,37.562414,40000,10100
150-103 거주자우선주차장,1,127.086808,37.560432,40000,10100
중곡복개천 공영 노상,41,127.086222,37.5601391,0,10100
159-24 노상주차장,1,127.082236,37.558233,40000,10100
161-5 노상주차장,1,127.081368,37.559087,40000,10100
161-6 거주자우선주차장,1,127.081463,37.559198,40000,10100
163-16 노상주차장,1,127.0814364,37.5621184,40000,10100
163-26 노상주차장,1,127.081107,37.561533,40000,10100
163-16 노상주차장,1,127.081323,37.561917,40000,10100
163-17 노상주차장,1,127.081362,37.561975,40000,10100
167-13 거주자우선주차장,1,127.083794,37.566513,40000,10100
167-23 거주자우선주차장,1,127.083967,37.56644,40000,10100
167-13 거주자우선주차장,1,127.083856,37.56648,40000,10100
167-23 거주자우선주차장,1,127.083929,37.566441,40000,10100
167-13 거주자우선주차장,1,127.083807,37.566399,40000,10100
169-84 거주자우선주차장,1,127.083602,37.568536,40000,10100
169-55 거주자우선주차장,1,127.084081,37.567871,40000,10100
169-58 거주자우선주차장,1,127.083904,37.567815,40000,10100
169-56 거주자우선주차장,1,127.08413,37.567861,40000,10100
169-100 거주자우선주차장,1,127.083998,37.568224,40000,10100
169-85 거주자우선주차장,1,127.083959,37.568656,40000,10100
169-85 거주자우선주차장,1,127.083959,37.568713,40000,10100
169-56 거주자우선주차장,1,127.083984,37.567837,40000,10100
170-3 거주자우선주차장,1,127.083668,37.567523,40000,10100
170-2 거주자우선주차장,1,127.08379,37.567711,40000,10100
170-12 거주자우선주차장,1,127.083409,37.567095,40000,10100
170-10 거주자우선주차장,1,127.083492,37.56724,40000,10100
170-5 거주자우선주차장,1,127.083649,37.567471,40000,10100
170-2 거주자우선주차장,1,127.083762,37.567684,40000,10100
171-26 거주자우선주차장,1,127.08282,37.566831,40000,10100
171-18 거주자우선주차장,1,127.08335,37.566947,40000,10100
171-17 거주자우선주차장,1,127.083402,37.567031,40000,10100
정인주택앞노상주차장,1,127.083662,37.566553,40000,10100
172-1 거주자우선주차장,1,127.083593,37.566568,40000,10100
172-2 거주자우선주차장,1,127.083521,37.566587,40000,10100
172-8 거주자우선주차장,1,127.083439,37.566623,40000,10100
172-69 거주자우선주차장,1,127.083019,37.56679,40000,10100
172-5 거주자우선주차장,1,127.083665,37.566242,40000,10100
정인주택앞노상주차장,1,127.083756,37.566426,40000,10100
173-7 거주자우선주차장,1,127.081094,37.566961,40000,10100
173-55 노상주차장,1,127.081154,37.567073,40000,10100
173-19 노상주차장,1,127.081474,37.567614,40000,10100
173-39 노상주차장,1,127.081398,37.567537,40000,10100
173-22 노상주차장,1,127.081708,37.56796,40000,10100
177-16 노상주차장,1,127.081488,37.569213,40000,10100
187-35 노상주차장,1,127.079754,37.568524,40000,10100
187-10 노상주차장,1,127.079411,37.567934,40000,10100
189-36 노상주차장,1,127.079938,37.567209,40000,10100
경지아리움앞노상주차장,1,127.079179,37.567551,40000,10100
중곡2차아파트옆노상주차장,1,127.0788241,37.5668884,40000,10100
중곡2차아파트옆노상주차장,1,127.0788418,37.5669117,40000,10100
중곡2차아파트옆노상주차장,1,127.0787708,37.5667684,40000,10100
중곡2차아파트옆노상주차장,1,127.0786765,37.5666286,40000,10100
중곡2차아파트옆노상주차장,1,127.0786989,37.5666651,40000,10100
중곡2차아파트옆노상주차장,1,127.0787226,37.5667085,40000,10100
중곡2차아파트옆노상주차장,1,127.078644,37.566576,40000,10100
중곡2차아파트옆노상주차장,1,127.078551,37.566408,40000,10100
중곡2차아파트옆노상주차장,1,127.078594,37.566462,40000,10100
중곡2차아파트옆노상주차장,1,127.078758,37.566741,40000,10100
중곡2차아파트옆노상주차장,1,127.078801,37.56685,40000,10100
우암빌라B동노상주차장,1,127.078809,37.567767,40000,10100
중곡2차아파트옆노상주차장,1,127.078597,37.56732,40000,10100
우암빌라B동노상주차장,1,127.078717,37.567794,40000,10100
우암빌라B동노상주차장,1,127.078751,37.567769,40000,10100
중곡2차아파트옆노상주차장,1,127.078618,37.566512,40000,10100
중곡1차아파트옆노상주차장,1,127.0791128,37.5672788,40000,10100
중곡1차아파트옆노상주차장,1,127.0790097,37.5671187,40000,10100
중곡1차아파트옆노상주차장,1,127.0788023,37.5667258,40000,10100
중곡1차아파트옆노상주차장,1,127.0787239,37.5666221,40000,10100
중곡1차아파트옆노상주차장,1,127.078922,37.566926,40000,10100
중곡1차아파트옆노상주차장,1,127.0788696,37.5668886,40000,10100
중곡1차아파트옆노상주차장,1,127.0788477,37.5668305,40000,10100
중곡1차아파트옆노상주차장,1,127.078429,37.566118,40000,10100
중곡1차아파트옆노상주차장,1,127.078412,37.566084,40000,10100
중곡1차아파트옆노상주차장,1,127.078415,37.566043,40000,10100
중곡1차아파트옆노상주차장,1,127.078495,37.566203,40000,10100
중곡1차아파트옆노상주차장,1,127.078585,37.566356,40000,10100
중곡1차아파트옆노상주차장,1,127.078401,37.566018,40000,10100
중곡1차아파트옆노상주차장,1,127.078536,37.566273,40000,10100
중곡1차아파트옆노상주차장,1,127.078693,37.566558,40000,10100
중곡1차아파트옆노상주차장,1,127.07877,37.566664,40000,10100
중곡1차아파트옆노상주차장,1,127.078818,37.566777,40000,10100
중곡1차아파트옆노상주차장,1,127.07862,37.566421,40000,10100
194-63 거주자우선주차장,1,127.085377,37.569205,40000,10100
194-63 노상주차장,1,127.085473,37.569264,40000,10100
194-63 거주자우선주차장,1,127.085305,37.569221,40000,10100
중곡3동마을공원공영주차장,1,127.084882,37.569502,40000,10100
195-4 노상주차장,1,127.084309,37.569224,40000,10100
195-1 노상주차장,1,127.084366,37.569616,40000,10100
195-1 거주자우선주차장,1,127.084374,37.569775,40000,10100
195-1 노상주차장,1,127.084435,37.56997,40000,10100
195-1 노상주차장,1,127.084451,37.570147,40000,10100
197-11 노상주차장,1,127.083628,37.568982,40000,10100
198-27 노상주차장,1,127.08367,37.569285,40000,10100
199-9 노상주차장,1,127.083762,37.569815,40000,10100
199-2 노상주차장,1,127.083789,37.569753,40000,10100
199-6 노상주차장,1,127.083893,37.570553,40000,10100
232-53 거주자우선주차장,1,127.079372,37.565223,40000,10100
중곡제1동제1경로당앞노상주차장,1,127.078997,37.564552,40000,10100
중곡제1동제1경로당앞노상주차장,1,127.078976,37.564479,40000,10100
234-5 거주자우선주차장,1,127.078166,37.565642,40000,10100
234-47 노상주차장,1,127.078217,37.564703,40000,10100
234-15 거주자우선주차장,1,127.078721,37.565676,40000,10100
선진골드빌라앞노상주차장,1,127.078016,37.565458,40000,10100
242-21 거주자우선주차장,1,127.081137,37.561659,40000,10100
242-5 거주자우선주차장,1,127.081354,37.562019,40000,10100
242-41 거주자우선주차장,1,127.080611,37.56198,40000,10100
243-33 노상주차장,1,127.079788,37.561598,40000,10100
243-23 노상주차장,1,127.080088,37.561494,40000,10100
243-32 노상주차장,1,127.079955,37.561554,40000,10100
243-35 거주자우선주차장,1,127.079866,37.561922,40000,10100
동운상운옆노상주차장,1,127.078951,37.56191,40000,10100
동운상운옆노상주차장,1,127.07884,37.561946,40000,10100
245-37 거주자우선주차장,1,127.078539,37.562321,40000,10100
246-60 노상주차장,1,127.078309,37.562131,40000,10100
247-23 노상주차장,1,127.078251,37.563239,40000,10100
248-4 노상주차장,1,127.077568,37.563547,40000,10100
248-38 노상주차장,1,127.076724,37.56306,40000,10100
248-42 노상주차장,1,127.077303,37.563009,40000,10100
248-3 노상주차장,1,127.077641,37.56362,40000,10100
248-28 노상주차장,1,127.077185,37.562763,40000,10100
249-37 노상주차장,1,127.076815,37.563321,40000,10100
249-19 노상주차장,1,127.076139,37.562868,40000,10100
249-19 노상주차장,1,127.076122,37.562892,40000,10100
249-6 노상주차장,1,127.077041,37.563741,40000,10100
249-19 노상주차장,1,127.076176,37.562865,40000,10100
249-38 노상주차장,1,127.076753,37.563227,40000,10100
253-24 노상주차장,1,127.076801,37.562077,40000,10100
253-7 노상주차장,1,127.076582,37.561692,40000,10100
254-12 노상주차장,1,127.076746,37.561328,40000,10100
254-12 노상주차장,1,127.078142,37.562187,40000,10100
254-12 노상주차장,1,127.076548,37.561569,40000,10100
254-12 노상주차장,1,127.076745,37.561329,40000,10100
254-3 노상주차장,1,127.077572,37.561988,40000,10100
254-26 노상주차장,1,127.07743,37.561731,40000,10100
255-19 노상주차장,1,127.078106,37.561683,40000,10100
259-26 노상주차장,1,127.080522,37.56133,40000,10100
265-10 거주자우선주차장,1,127.081261,37.56192,40000,10100
265-10 거주자우선주차장,1,127.081328,37.562051,40000,10100
265-10 거주자우선주차장,1,127.081204,37.561806,40000,10100
265-10 거주자우선주차장,1,127.081181,37.561764,40000,10100
265-10 거주자우선주차장,1,127.081226,37.561733,40000,10100
265-14 거주자우선주차장,1,127.082451,37.559938,40000,10100
267-3 거주자우선주차장,1,127.0807576,37.5669231,40000,10100
267-3 거주자우선주차장,1,127.0804871,37.5670153,40000,10100
267-3 거주자우선주차장,1,127.078976,37.56718,40000,10100
267-3 거주자우선주차장,1,127.079533,37.567333,40000,10100
중곡1차아파트옆주차장,1,127.078666,37.566476,40000,10100
270-2 거주자우선주차장,1,127.081053,37.566896,40000,10100
275-10 거주자우선주차장,1,127.083586,37.559533,40000,10100
275-7 거주자우선주차장,1,127.085276,37.562619,40000,10100
275-6 거주자우선주차장,1,127.083862,37.563713,40000,10100
275-13 거주자우선주차장,1,127.083367,37.558955,40000,10100
275-2 거주자우선주차장,1,127.083702,37.566205,40000,10100
276-11 거주자우선주차장,1,127.087562,37.555355,40000,10100
276-3 거주자우선주차장,1,127.08627,37.564269,40000,10100
276-9 노상주차장,1,127.087112,37.557727,40000,10100
중곡복개천 공영B 노상,35,127.084254,37.5611136,0,10100
340-3 노상주차장,1,127.0838139,37.5614195,40000,10100
중곡복개천공영주차장B,1,127.083656,37.561512,40000,10100
중곡복개천공영주차장B,1,127.083568,37.561553,40000,10100
340-3 노상주차장,1,127.083724,37.561472,40000,10100
437-6 노상주차장,1,127.094359,37.559447,40000,10100
437-6 노상주차장,1,127.094306,37.559331,40000,10100
437-6 노상주차장,1,127.0942532,37.5592709,40000,10100
437-6 노상주차장,1,127.094212,37.559206,40000,10100
438-2 거주자우선주차장,1,127.0901495,37.5590117,40000,10100
438-2 거주자우선주차장,1,127.0902353,37.5589819,40000,10100
438-2 거주자우선주차장,1,127.0903104,37.5589607,40000,10100
438-2 거주자우선주차장,1,127.09039,37.558966,40000,10100
438-2 거주자우선주차장,1,127.0905947,37.5589522,40000,10100
438-2 거주자우선주차장,1,127.090821,37.558872,40000,10100
438-2 거주자우선주차장,1,127.0909783,37.5588267,40000,10100
438-2 거주자우선주차장,1,127.0911499,37.5587842,40000,10100
438-2 거주자우선주차장,1,127.091338,37.558729,40000,10100
438-2 거주자우선주차장,1,127.0915147,37.5587289,40000,10100
438-2 거주자우선주차장,1,127.0917347,37.5596432,40000,10100
438-2 거주자우선주차장,1,127.091848,37.558687,40000,10100
438-2 거주자우선주차장,1,127.0920242,37.5587274,40000,10100
438-2 거주자우선주차장,1,127.0921773,37.558739,40000,10100
438-2 거주자우선주차장,1,127.0923062,37.5587549,40000,10100
438-2 거주자우선주차장,1,127.0924078,37.5587849,40000,10100
438-3 노상주차장,1,127.093989,37.559032,40000,10100
438-2 거주자우선주차장,1,127.0938429,37.5590325,40000,10100
438-2 거주자우선주차장,1,127.0938874,37.5590556,40000,10100
438-2 거주자우선주차장,1,127.0939285,37.5590719,40000,10100
438-2 거주자우선주차장,1,127.093967,37.559107,40000,10100
439-2 거주자우선주차장,1,127.092218,37.556758,40000,10100
440 노상주차장,1,127.0917309,37.5560929,40000,10100
440 노상주차장,1,127.091658,37.556149,40000,10100
440 노상주차장,1,127.0917937,37.5569598,40000,10100
440 노상주차장,1,127.091905,37.5559723,40000,10100
440 노상주차장,1,127.091841,37.556012,40000,10100
442-1 거주자우선주차장,1,127.0931721,37.5558956,40000,10100
442-1 거주자우선주차장,1,127.093197,37.5558105,40000,10100
442-1 거주자우선주차장,1,127.093212,37.555723,40000,10100
450-2 거주자우선주차장,1,127.0914316,37.559892,40000,10100
450-2 거주자우선주차장,1,127.0913511,37.5597899,40000,10100
450-2 거주자우선주차장,1,127.091094,37.559509,40000,10100
452-1 거주자우선주차장,1,127.0908282,37.5590709,40000,10100
452-1 거주자우선주차장,1,127.090818,37.559006,40000,10100
452-2 거주자우선주차장,1,127.089478,37.558311,40000,10100
467-1 거주자우선주차장,1,127.09064,37.557501,40000,10100
467-2 노상주차장,1,127.089483,37.556479,40000,10100
482-4 거주자우선주차장,1,127.088584,37.558825,40000,10100
482-3 거주자우선주차장,1,127.093077,37.558903,40000,10100
544-2 노상주차장,1,127.08451,37.570568,40000,10100
545-3 노상주차장,1,127.084559,37.570901,40000,10100
553-5 노상주차장,1,127.083886,37.570747,40000,10100
565-5 노상주차장,1,127.08173,37.571016,40000,10100
동진빌라앞노상주차장,1,127.082667,37.570728,40000,10100
동진빌라앞노상주차장,1,127.082648,37.570831,40000,10100
중앙태권도앞노상주차장,1,127.082648,37.570655,40000,10100
572-2 거주자우선주차장,1,127.082602,37.570259,40000,10100
동방프라자앞노상주차장,1,127.080901,37.570626,40000,10100
580-7 노상주차장,1,127.080861,37.571243,40000,10100
582-7 노상주차장,1,127.080895,37.571352,40000,10100
584-7 노상주차장,1,127.080654,37.570574,40000,10100
613-8 거주자우선주차장,1,127.0744852,37.5599187,40000,10100
613-8 거주자우선주차장,1,127.074501,37.559912,40000,10100
618-5 노상주차장,1,127.077159,37.56062,40000,10100
625-2 거주자우선주차장,1,127.075335,37.560636,40000,10100
경도빌딩,3,127.076195,37.560236,40000,10100
634-2 거주자우선주차장,1,127.0750225,37.5600568,40000,10100
634-2 거주자우선주차장,1,127.07505,37.56008,40000,10100
한국천주교중앙협의외앞노상주차장,1,127.079253,37.559603,40000,10100
한국천주교중앙협의외앞노상주차장,1,127.079086,37.559233,40000,10100
한국천주교중앙협의외앞노상주차장,1,127.079365,37.559749,40000,10100
한국천주교중앙협의외앞노상주차장,1,127.078986,37.559082,40000,10100
한국천주교중앙협의외앞노상주차장,1,127.079031,37.559184,40000,10100
한국천주교중앙협의외앞노상주차장,1,127.079203,37.559441,40000,10100
한국천주교중앙협의외앞노상주차장,1,127.079322,37.559666,40000,10100
한국천주교중앙협의외앞노상주차장,1,127.079333,37.559705,40000,10100
한국천주교중앙협의외앞노상주차장,1,127.079377,37.559821,40000,10100
646-23 거주자우선주차장,1,127.07977,37.558977,40000,10100
646-23 노상주차장,1,127.07999,37.559508,40000,10100
646-24 노상주차장,1,127.080042,37.559594,40000,10100
646-23 거주자우선주차장,1,127.079826,37.559132,40000,10100
683 노상주차장,1,127.079567,37.568207,40000,10100
683 노상주차장,1,127.079649,37.568317,40000,10100
1-6 노상주차장,1,127.071759,37.544449,40000,10700
1-6 노상주차장,1,127.071855,37.544553,40000,10700
1-24 노상주차장,1,127.072002,37.544926,40000,10700
1-2 노상주차장,1,127.071892,37.544639,40000,10700
1-26 노상주차장,1,127.071938,37.544739,40000,10700
1-22 노상주차장,1,127.072081,37.545046,40000,10700
스타시티 영존,10,127.071389,37.5406424,40000,10700
8-36 노상주차장,1,127.069571,37.54175,40000,10700
8-36 거주자우선주차장,1,127.069471,37.541517,40000,10700
8-36 노상주차장,1,127.069571,37.54175,40000,10700
8-36 거주자우선주차장,1,127.069471,37.541517,40000,10700
8-36 거주자우선주차장,1,127.069471,37.541517,40000,10700
10-1 거주자우선주차장,1,127.070299,37.543172,40000,10700
10-1 거주자우선주차장,1,127.070206,37.543595,40000,10700
10-1 거주자우선주차장,1,127.069941,37.543867,40000,10700
10-1 거주자우선주차장,1,127.070012,37.543817,40000,10700
10-7 거주자우선주차장,1,127.070126,37.542839,40000,10700
10-1 거주자우선주차장,1,127.070372,37.543423,40000,10700
10-1 거주자우선주차장,1,127.070299,37.543172,40000,10700
10-1 거주자우선주차장,1,127.070299,37.543172,40000,10700
10-1 거주자우선주차장,1,127.070244,37.543575,40000,10700
10-1 거주자우선주차장,1,127.070372,37.543423,40000,10700
10-1 거주자우선주차장,1,127.070052,37.543757,40000,10700
10-1 거주자우선주차장,1,127.070206,37.543595,40000,10700
16-35 노상주차장,1,127.069842,37.545087,40000,10700
16-93 노상주차장,1,127.069553,37.544947,40000,10700
16-81 노상주차장,1,127.069443,37.544867,40000,10700
24-4 거주자우선주차장,1,127.067355,37.546537,40000,10700
24-4 노상주차장,1,127.067281,37.546428,40000,10700
31-25 노상주차장,1,127.06792,37.544967,40000,10700
31-25 노상주차장,1,127.067626,37.545049,40000,10700
31-25 노상주차장,1,127.067936,37.545898,40000,10700
31-16 노상주차장,1,127.06713,37.546112,40000,10700
31-24 거주자우선주차장,1,127.068385,37.545605,40000,10700
31-25 노상주차장,1,127.068025,37.545954,40000,10700
31-50 거주자우선주차장,1,127.066871,37.545647,40000,10700
31-35 노상주차장,1,127.067004,37.545818,40000,10700
32-12 거주자우선주차장,1,127.067745,37.546307,40000,10700
32-12 노상주차장,1,127.068291,37.545672,40000,10700
32-12 거주자우선주차장,1,127.067758,37.546495,40000,10700
32-12 거주자우선주차장,1,127.067745,37.546256,40000,10700
32-12 거주자우선주차장,1,127.067667,37.546541,40000,10700
32-12 거주자우선주차장,1,127.067783,37.546267,40000,10700
32-12 거주자우선주차장,1,127.067561,37.546488,40000,10700
32-12 거주자우선주차장,1,127.067819,37.546485,40000,10700
32-12 거주자우선주차장,1,127.067609,37.54657,40000,10700
32-12 거주자우선주차장,1,127.067693,37.546556,40000,10700
32-12 거주자우선주차장,1,127.067592,37.546451,40000,10700
32-12 거주자우선주차장,1,127.067696,37.546347,40000,10700
32-12 노상주차장,1,127.068214,37.545739,40000,10700
32-12 거주자우선주차장,1,127.067637,37.546392,40000,10700
33-47 노상주차장,1,127.067608,37.545004,40000,10700
33-37 노상주차장,1,127.067933,37.544923,40000,10700
33-47 노상주차장,1,127.067923,37.54492,40000,10700
35-47 거주자우선주차장,1,127.06876,37.543979,40000,10700
35-2 노상주차장,1,127.068698,37.543928,40000,10700
35-66 노상주차장,1,127.068918,37.544329,40000,10700
35-2 거주자우선주차장,1,127.068759,37.544066,40000,10700
35-21 노상주차장,1,127.067694,37.543721,40000,10700
35-22 노상주차장,1,127.067639,37.543656,40000,10700
35-23 노상주차장,1,127.067661,37.543659,40000,10700
35-53 거주자우선주차장,1,127.068102,37.54453,40000,10700
35-27 거주자우선주차장,1,127.068403,37.543379,40000,10700
36-84 노상주차장,1,127.068124,37.544607,40000,10700
36-41 노상주차장,1,127.06736,37.544865,40000,10700
36-72 노상주차장,1,127.067823,37.543948,40000,10700
36-72 노상주차장,1,127.067955,37.544274,40000,10700
36-72 노상주차장,1,127.067857,37.54407,40000,10700
36-72 노상주차장,1,127.067851,37.544026,40000,10700
36-72 노상주차장,1,127.067765,37.543878,40000,10700
36-16 노상주차장,1,127.068099,37.544465,40000,10700
37-29 노상주차장,1,127.06688,37.545227,40000,10700
37-11 거주자우선주차장,1,127.066983,37.544181,40000,10700
37-29 거주자우선주차장,1,127.066941,37.545239,40000,10700
37-9 거주자우선주차장,1,127.067048,37.544255,40000,10700
44-86 노상주차장,1,127.06613,37.542563,40000,10700
44-15 노상주차장,1,127.06637,37.542983,40000,10700
44-37 노상주차장,1,127.065681,37.543075,40000,10700
44-86 노상주차장,1,127.066166,37.542577,40000,10700
44-71 노상주차장,1,127.06651,37.543187,40000,10700
44-89 노상주차장,1,127.065996,37.542303,40000,10700
45-3 노상주차장,1,127.067011,37.542506,40000,10700
45-14 노상주차장,1,127.066621,37.543414,40000,10700
45-87 노상주차장,1,127.066544,37.543293,40000,10700
45-58 노상주차장,1,127.067095,37.542521,40000,10700
45-3 노상주차장,1,127.067059,37.542551,40000,10700
45-15 노상주차장,1,127.066673,37.543553,40000,10700
46-17 노상주차장,1,127.067124,37.542714,40000,10700
46-17 노상주차장,1,127.067094,37.542664,40000,10700
47-22 노상주차장,1,127.068067,37.542722,40000,10700
47-22 노상주차장,1,127.068021,37.542628,40000,10700
47-22 노상주차장,1,127.068021,37.542628,40000,10700
47-22 노상주차장,1,127.068071,37.542704,40000,10700
49-21 노상주차장,1,127.065314,37.542337,40000,10700
49-21 노상주차장,1,127.065173,37.542381,40000,10700
49-21 노상주차장,1,127.065272,37.54235,40000,10700
49-21 노상주차장,1,127.065492,37.542258,40000,10700
49-21 노상주차장,1,127.065446,37.542285,40000,10700
49-21 노상주차장,1,127.065355,37.542326,40000,10700
49-21 노상주차장,1,127.065395,37.542295,40000,10700
49-21 노상주차장,1,127.065476,37.542307,40000,10700
51-3 노상주차장,1,127.07251,37.545059,40000,10700
51-3 노상주차장,1,127.072448,37.545009,40000,10700
53-2 거주자우선주차장,1,127.071984,37.545154,40000,10700
53-2 노상주차장,1,127.072045,37.545135,40000,10700
58-13 노상주차장,1,127.071817,37.545216,40000,10700
58-10 노상주차장,1,127.071881,37.545184,40000,10700
60-2 노상주차장,1,127.071466,37.545087,40000,10700
60-2 노상주차장,1,127.071286,37.544999,40000,10700
93-3 노상주차장,1,127.0758,37.5452,40000,10700
110-11 노상주차장,1,127.071534,37.546388,40000,10700
110-410 노상주차장,1,127.07152,37.546716,40000,10700
110-11 노상주차장,1,127.07158,37.546308,40000,10700
111-139 노상주차장,1,127.072122,37.546503,40000,10700
111-121 노상주차장,1,127.073217,37.54597,40000,10700
111-139 노상주차장,1,127.072023,37.546501,40000,10700
111-139 노상주차장,1,127.071817,37.546716,40000,10700
111-139 노상주차장,1,127.071997,37.546607,40000,10700
111-139 노상주차장,1,127.072026,37.546559,40000,10700
111-139 노상주차장,1,127.071802,37.54666,40000,10700
111-136 노상주차장,1,127.07242,37.546434,40000,10700
111-139 노상주차장,1,127.07192,37.54666,40000,10700
122 노상주차장,1,127.071538,37.546646,40000,10700
122 거주자우선주차장,1,127.071269,37.546729,40000,10700
122 노상주차장,1,127.071556,37.546463,40000,10700
122 노상주차장,1,127.071316,37.546751,40000,10700
122 노상주차장,1,127.071519,37.546583,40000,10700
122 노상주차장,1,127.071538,37.546491,40000,10700
122 거주자우선주차장,1,127.071169,37.546755,40000,10700
122 거주자우선주차장,1,127.071091,37.546753,40000,10700
122 거주자우선주차장,1,127.071244,37.546734,40000,10700
122 노상주차장,1,127.071498,37.546621,40000,10700
132-12 노상주차장,1,127.071445,37.546742,40000,10700
132-27 노상주차장,1,127.071029,37.546741,40000,10700
132-27 노상주차장,1,127.070815,37.546764,40000,10700
132-27 노상주차장,1,127.070979,37.546727,40000,10700
234 노상주차장,1,127.066288,37.544604,40000,10700
234 노상주차장,1,127.066159,37.544438,40000,10700
234 노상주차장,1,127.066231,37.54453,40000,10700
234 노상주차장,1,127.066271,37.544627,40000,10700
234 노상주차장,1,127.0661,37.544401,40000,10700
234 노상주차장,1,127.066124,37.544329,40000,10700
234 노상주차장,1,127.066039,37.544146,40000,10700
234 노상주차장,1,127.067516,37.541583,40000,10700
234 노상주차장,1,127.066316,37.544742,40000,10700
234 노상주차장,1,127.06607,37.544233,40000,10700
234 노상주차장,1,127.066316,37.544599,40000,10700
500-14 노상주차장,1,127.074309,37.545381,40000,10700
500-14 노상주차장,1,127.074578,37.545301,40000,10700
500-14 노상주차장,1,127.074906,37.545238,40000,10700
500-14 노상주차장,1,127.074242,37.545412,40000,10700
500-14 노상주차장,1,127.074375,37.545374,40000,10700
500-14 노상주차장,1,127.074446,37.545333,40000,10700
500-14 노상주차장,1,127.074528,37.545322,40000,10700
526-34 거주자우선주차장,1,127.075122,37.538909,40000,10700
526-34 거주자우선주차장,1,127.0751726,37.5392527,40000,10700
526-34 거주자우선주차장,1,127.0751511,37.5392156,40000,10700
526-34 거주자우선주차장,1,127.0751371,37.5391527,40000,10700
526-34 거주자우선주차장,1,127.0751513,37.5391107,40000,10700
526-34 거주자우선주차장,1,127.0751326,37.5390468,40000,10700
526-34 거주자우선주차장,1,127.0751264,37.539,40000,10700
526-34 거주자우선주차장,1,127.0751207,37.538948,40000,10700
526-34 거주자우선주차장,1,127.075122,37.538909,40000,10700
